,school,sex,age,address,famsize,Pstatus,Medu,Fedu,traveltime,studytime,failures,schoolsup,famsup,paid,activities,nursery,higher,internet,romantic,famrel,freetime,goout,Dalc,Walc,health,absences,G1,G2,G3
129,1,-1,0.14285714285714285,1,-1,1,0.5,0.75,0.5,0.75,0.0,-1,1,-1,-1,-1,1,1,1,0.6,0.4,0.6,0.4,0.4,0.2,0.043010752688172046,0.65,0.6,0.65
449,-1,1,0.0,-1,-1,1,0.25,0.5,0.5,0.25,0.0,-1,-1,-1,-1,1,1,-1,-1,1.0,0.2,0.4,0.2,0.2,0.2,0.03225806451612903,0.55,0.65,0.65
117,1,-1,0.14285714285714285,1,-1,1,0.75,0.75,0.5,0.25,0.0,-1,-1,-1,1,1,1,1,-1,1.0,0.8,0.4,0.2,0.2,1.0,0.06451612903225806,0.7,0.7,0.75
513,-1,1,0.14285714285714285,1,-1,1,0.75,0.25,0.25,0.25,0.0,-1,-1,-1,1,1,1,1,-1,0.6,0.2,0.6,0.2,0.6,0.2,0.0,0.4,0.3,0.4
198,1,1,0.14285714285714285,1,-1,1,0.75,0.5,0.25,0.5,0.0,-1,1,-1,-1,1,1,1,-1,0.2,0.4,0.4,0.2,0.4,0.2,0.08602150537634409,0.7,0.75,0.8
106,1,1,0.0,1,-1,1,0.5,0.5,0.25,1.0,0.0,1,1,-1,-1,1,1,1,-1,1.0,0.2,0.4,0.2,0.2,0.6,0.043010752688172046,0.5,0.5,0.5
466,-1,-1,0.0,1,-1,1,0.75,0.25,0.5,0.25,0.0,-1,1,-1,-1,1,1,-1,-1,0.6,0.4,0.6,0.2,0.6,0.8,0.0,0.5,0.45,0.55
90,1,1,0.14285714285714285,1,-1,1,0.75,0.75,0.25,0.75,0.0,-1,1,-1,-1,1,1,1,1,0.8,0.6,0.6,0.2,0.6,0.8,0.021505376344086023,0.45,0.55,0.55
646,-1,1,0.42857142857142855,1,-1,1,0.25,0.25,0.5,0.5,0.0,-1,-1,-1,1,1,1,-1,-1,0.2,0.2,0.2,0.2,0.2,1.0,0.06451612903225806,0.55,0.6,0.45
403,1,1,0.2857142857142857,1,-1,1,0.5,0.25,0.5,0.5,0.0,-1,1,-1,1,1,1,1,1,0.8,0.6,0.8,0.4,0.4,0.2,0.10752688172043011,0.6,0.75,0.75
486,-1,1,0.14285714285714285,1,-1,1,0.5,0.5,0.25,0.25,0.25,-1,1,1,1,-1,1,1,-1,0.8,0.8,0.6,0.2,0.8,0.6,0.010752688172043012,0.45,0.5,0.5
88,1,-1,0.14285714285714285,1,-1,1,0.5,0.5,0.5,0.5,0.0,-1,-1,-1,1,-1,1,1,-1,0.8,0.8,0.4,0.2,0.2,0.6,0.06451612903225806,0.6,0.5,0.55
333,1,1,0.2857142857142857,1,-1,1,0.25,0.25,0.25,0.75,0.0,-1,1,-1,-1,1,1,1,-1,0.8,0.6,0.6,0.2,0.2,0.6,0.0,0.65,0.65,0.7
322,1,1,0.5714285714285714,-1,-1,1,0.75,0.5,0.25,0.5,0.25,1,1,-1,-1,1,-1,1,-1,0.6,0.6,0.6,0.8,0.6,0.6,0.0,0.45,0.4,0.5
398,1,1,0.42857142857142855,1,-1,1,0.5,0.75,0.25,0.75,0.0,-1,1,-1,-1,1,1,1,-1,0.8,0.6,0.6,0.2,0.4,0.6,0.0,0.55,0.6,0.7
2,1,1,0.0,1,1,1,0.25,0.25,0.25,0.5,0.0,1,-1,-1,-1,1,1,1,-1,0.8,0.6,0.4,0.4,0.6,0.6,0.06451612903225806,0.6,0.65,0.6
126,1,1,0.0,1,1,-1,0.75,1.0,0.25,0.5,0.0,1,-1,-1,1,1,1,1,1,1.0,0.6,0.4,0.2,0.2,0.2,0.0,0.5,0.55,0.55
81,1,-1,0.0,1,-1,1,0.5,0.75,0.25,0.75,0.0,1,-1,-1,-1,-1,1,1,-1,1.0,0.6,0.4,0.2,0.4,1.0,0.021505376344086023,0.5,0.45,0.45
437,-1,1,0.14285714285714285,-1,-1,1,0.0,0.5,0.5,0.25,0.0,-1,1,-1,1,1,1,-1,-1,0.6,0.4,0.6,0.2,0.4,0.4,0.0,0.6,0.55,0.6
388,1,1,0.42857142857142855,1,-1,1,0.75,0.75,0.25,0.5,0.0,-1,-1,-1,1,1,1,1,-1,1.0,0.6,0.8,0.2,0.2,0.8,0.08602150537634409,0.5,0.55,0.6
49,1,1,0.0,1,-1,1,1.0,1.0,0.25,0.5,0.0,1,1,-1,1,-1,1,1,-1,0.8,0.8,0.8,0.2,0.2,0.6,0.021505376344086023,0.65,0.6,0.6
52,1,-1,0.0,1,1,-1,1.0,0.5,0.5,0.25,0.0,-1,-1,-1,-1,1,1,-1,-1,1.0,1.0,1.0,0.6,0.8,1.0,0.043010752688172046,0.5,0.45,0.45
132,1,1,0.2857142857142857,1,1,-1,0.5,0.25,0.75,0.25,0.0,-1,1,-1,-1,1,1,1,-1,0.6,0.4,0.4,0.2,0.4,1.0,0.08602150537634409,0.55,0.5,0.55
535,-1,-1,0.0,-1,-1,1,0.25,0.5,0.75,0.5,0.0,-1,1,-1,1,1,1,-1,-1,1.0,1.0,1.0,0.2,0.6,1.0,0.11827956989247312,0.45,0.55,0.5
464,-1,-1,0.14285714285714285,-1,-1,1,0.25,0.25,0.5,0.25,0.0,-1,-1,-1,1,1,1,-1,-1,0.6,0.8,0.8,0.6,0.8,1.0,0.06451612903225806,0.55,0.55,0.55
481,-1,1,0.2857142857142857,-1,-1,1,0.5,0.25,0.75,0.25,0.0,-1,1,-1,1,1,-1,-1,1,1.0,1.0,0.6,0.2,0.2,0.6,0.021505376344086023,0.45,0.5,0.55
364,1,1,0.2857142857142857,1,-1,1,1.0,1.0,0.25,0.25,0.0,-1,-1,-1,1,1,1,1,-1,1.0,0.6,0.8,0.2,0.4,1.0,0.021505376344086023,0.7,0.75,0.85
112,1,1,0.14285714285714285,1,-1,1,0.5,0.5,0.25,0.5,0.25,1,-1,-1,1,1,1,1,-1,0.6,0.2,0.4,0.2,0.2,1.0,0.12903225806451613,0.4,0.5,0.5
538,-1,1,0.14285714285714285,-1,1,1,0.5,0.5,0.25,0.75,0.0,-1,1,-1,-1,-1,1,-1,1,0.8,0.6,0.6,0.4,0.4,1.0,0.021505376344086023,0.55,0.55,0.55
588,-1,1,0.2857142857142857,1,-1,1,1.0,0.25,0.25,0.25,0.0,-1,1,-1,-1,1,1,-1,1,0.6,0.4,0.4,0.2,0.2,1.0,0.0,0.4,0.5,0.45
589,-1,1,0.2857142857142857,1,1,1,0.25,0.5,0.25,0.25,0.0,-1,-1,-1,-1,1,1,1,-1,1.0,1.0,0.2,0.2,0.2,0.6,0.0,0.35,0.5,0.5
44,1,1,0.14285714285714285,1,1,1,0.5,0.5,0.5,0.5,0.25,1,-1,-1,1,1,1,1,-1,0.8,0.6,0.6,0.4,0.4,1.0,0.15053763440860216,0.5,0.55,0.55
471,-1,1,0.14285714285714285,-1,-1,1,0.5,0.5,0.5,0.5,0.25,-1,1,-1,1,-1,1,-1,-1,0.8,0.8,0.8,0.4,0.6,1.0,0.021505376344086023,0.6,0.55,0.6
91,1,1,0.0,1,-1,1,1.0,0.75,0.25,0.25,0.0,-1,-1,-1,1,1,1,1,-1,0.8,1.0,1.0,0.2,0.6,0.2,0.06451612903225806,0.7,0.65,0.65
171,1,-1,0.14285714285714285,-1,-1,1,0.5,0.5,0.75,0.25,0.0,-1,-1,-1,-1,-1,1,-1,-1,0.8,0.4,0.4,0.2,0.4,0.6,0.043010752688172046,0.6,0.5,0.55
140,1,-1,0.2857142857142857,-1,-1,1,0.75,1.0,0.75,0.5,0.0,-1,-1,-1,-1,1,1,-1,-1,1.0,0.8,1.0,0.4,0.8,1.0,0.021505376344086023,0.5,0.45,0.5
641,-1,1,0.42857142857142855,-1,-1,1,0.5,0.5,0.5,0.75,0.0,-1,-1,-1,-1,1,1,-1,-1,1.0,0.6,0.6,0.2,0.6,0.8,0.0,0.7,0.85,0.75
419,1,-1,0.5714285714285714,1,-1,1,0.5,0.25,0.25,0.25,0.0,-1,-1,-1,-1,1,1,1,-1,1.0,0.6,0.8,0.2,0.8,0.8,0.10752688172043011,0.35,0.55,0.55
180,1,-1,0.14285714285714285,1,-1,1,0.5,0.5,0.25,0.5,0.0,-1,-1,-1,-1,1,-1,1,-1,0.8,0.6,1.0,0.4,0.8,0.8,0.0,0.45,0.5,0.55
636,-1,-1,0.42857142857142855,1,-1,1,1.0,1.0,0.25,0.5,0.0,-1,-1,-1,1,-1,1,1,-1,0.6,0.4,0.8,0.2,0.8,0.4,0.043010752688172046,0.85,0.9,0.95
527,-1,-1,0.14285714285714285,1,1,1,0.5,0.5,1.0,0.75,0.0,-1,-1,-1,-1,1,1,-1,-1,1.0,0.2,0.6,0.4,0.4,0.6,0.0,0.5,0.45,0.5
343,1,1,0.42857142857142855,1,-1,1,1.0,0.75,0.25,1.0,0.0,-1,1,-1,-1,1,1,1,-1,0.8,0.6,0.6,0.2,0.2,0.6,0.0,0.8,0.85,0.85
321,1,1,0.2857142857142857,1,-1,1,0.5,0.5,0.75,0.75,0.0,-1,1,-1,-1,1,1,1,1,0.8,0.4,0.6,0.2,0.2,0.2,0.08602150537634409,0.65,0.75,0.75
86,1,1,0.14285714285714285,1,1,1,0.5,0.5,0.25,0.5,0.0,-1,1,-1,-1,1,1,-1,-1,0.8,0.6,0.8,0.2,0.4,0.4,0.06451612903225806,0.65,0.55,0.55
16,1,1,0.14285714285714285,1,-1,1,1.0,1.0,0.25,0.75,0.0,-1,1,-1,1,1,1,1,-1,0.6,0.4,0.6,0.2,0.4,0.4,0.10752688172043011,0.65,0.65,0.7
257,1,-1,0.2857142857142857,1,-1,1,1.0,1.0,0.25,0.25,0.0,-1,1,-1,1,-1,1,1,-1,0.8,0.4,0.2,0.2,0.4,1.0,0.06451612903225806,0.5,0.4,0.45
99,1,1,0.14285714285714285,1,-1,1,1.0,0.75,0.25,0.75,0.0,1,1,-1,-1,1,1,1,-1,1.0,0.6,1.0,0.2,0.2,0.6,0.021505376344086023,0.6,0.65,0.65
270,1,-1,0.14285714285714285,1,-1,1,1.0,1.0,0.25,0.25,0.0,-1,-1,1,1,1,1,1,-1,1.0,0.6,0.4,0.2,0.4,1.0,0.043010752688172046,0.7,0.75,0.75
56,1,1,0.0,1,-1,-1,1.0,0.75,0.25,0.5,0.0,-1,1,-1,1,1,1,1,-1,0.8,0.6,0.4,0.2,0.2,0.2,0.0,0.75,0.7,0.75
221,1,1,0.14285714285714285,1,-1,1,1.0,0.75,0.25,0.5,0.0,-1,-1,-1,1,1,1,1,1,0.2,0.6,0.4,0.2,0.2,0.2,0.043010752688172046,0.7,0.75,0.75
350,1,-1,0.5714285714285714,-1,1,1,0.5,0.25,0.5,0.75,0.25,-1,-1,-1,1,1,1,1,1,0.8,0.6,0.2,0.2,0.2,1.0,0.0,0.45,0.5,0.55
499,-1,1,0.14285714285714285,1,-1,1,0.5,0.5,0.25,0.25,0.0,-1,1,1,1,1,1,-1,1,0.8,0.4,1.0,0.2,0.4,1.0,0.0,0.85,0.8,0.8
80,1,-1,0.0,1,-1,1,0.5,0.75,0.25,0.25,0.0,1,1,-1,1,-1,1,1,1,0.6,0.4,0.4,0.2,0.6,0.6,0.0,0.55,0.55,0.6
189,1,-1,0.2857142857142857,1,1,1,1.0,0.75,0.5,0.5,0.0,-1,-1,-1,1,1,1,1,-1,0.8,0.8,0.8,0.8,0.8,0.8,0.0,0.5,0.55,0.55
351,1,-1,0.7142857142857143,1,-1,-1,0.75,0.5,0.25,0.25,0.5,-1,-1,-1,1,1,1,-1,-1,1.0,1.0,0.6,0.2,0.2,1.0,0.0,0.7,0.75,0.75
391,1,1,0.2857142857142857,1,-1,1,0.75,1.0,0.25,0.75,0.0,-1,-1,-1,-1,1,1,1,-1,0.8,0.8,1.0,0.2,0.6,1.0,0.08602150537634409,0.55,0.65,0.7
606,-1,1,0.2857142857142857,1,-1,1,1.0,0.5,0.5,1.0,0.0,-1,-1,-1,-1,1,1,1,1,0.8,0.4,0.6,0.6,0.2,1.0,0.0,0.9,0.9,0.9
349,1,1,0.2857142857142857,1,-1,1,0.75,0.5,0.25,1.0,0.0,-1,1,-1,1,-1,1,1,-1,1.0,0.4,0.4,0.2,0.4,1.0,0.0,0.9,0.9,0.9
93,1,1,0.14285714285714285,1,-1,1,1.0,0.5,0.5,0.5,0.0,-1,1,-1,1,1,1,1,-1,1.0,0.6,0.6,0.2,0.2,0.2,0.021505376344086023,0.65,0.7,0.7
107,1,-1,0.14285714285714285,1,-1,1,0.75,0.75,0.25,0.75,0.0,-1,1,-1,1,1,1,1,-1,1.0,0.6,0.6,0.2,0.2,1.0,0.043010752688172046,0.65,0.7,0.7
531,-1,-1,0.2857142857142857,1,-1,1,0.25,0.25,0.75,0.5,0.0,-1,-1,-1,-1,1,1,1,1,1.0,0.2,0.6,0.6,0.6,0.2,0.0,0.5,0.5,0.5
608,-1,1,0.42857142857142855,1,1,-1,0.25,0.25,0.25,0.5,0.0,-1,-1,-1,-1,1,1,-1,1,1.0,0.4,0.6,0.2,0.4,0.6,0.021505376344086023,0.4,0.5,0.55
110,1,-1,0.0,1,1,-1,1.0,1.0,0.25,0.25,0.0,-1,-1,-1,1,1,1,1,-1,1.0,1.0,0.6,0.2,0.2,0.8,0.043010752688172046,0.65,0.7,0.7
376,1,1,0.42857142857142855,1,-1,1,0.25,0.25,0.5,0.75,0.0,-1,-1,-1,1,1,1,1,-1,0.8,1.0,1.0,0.2,0.4,0.4,0.0,0.7,0.7,0.7
600,-1,-1,0.2857142857142857,-1,-1,1,0.25,0.25,0.75,0.25,0.0,-1,-1,-1,-1,-1,-1,-1,-1,0.8,0.4,0.6,0.6,0.8,0.8,0.043010752688172046,0.6,0.65,0.7
410,1,1,0.2857142857142857,1,-1,1,0.5,0.5,0.25,0.5,0.0,-1,1,-1,1,1,1,1,-1,0.8,0.6,0.8,0.2,0.6,0.8,0.0,0.65,0.85,0.85
274,1,1,0.2857142857142857,1,-1,1,0.25,0.25,0.25,0.5,0.0,1,-1,-1,-1,-1,1,-1,1,0.8,0.6,0.4,0.2,0.2,0.8,0.10752688172043011,0.5,0.45,0.5
307,1,-1,0.2857142857142857,1,-1,1,0.75,0.25,0.25,0.5,0.0,-1,-1,-1,1,1,1,1,1,1.0,0.8,0.8,0.6,0.8,1.0,0.0,0.55,0.55,0.7
406,1,1,0.2857142857142857,1,-1,1,0.75,0.25,0.25,0.25,0.25,-1,1,1,-1,1,1,1,1,0.8,0.2,0.4,0.2,0.2,0.6,0.06451612903225806,0.5,0.65,0.65
644,-1,1,0.5714285714285714,-1,-1,1,0.5,0.75,0.25,0.75,0.25,-1,-1,-1,1,-1,1,1,-1,1.0,0.8,0.4,0.2,0.4,1.0,0.043010752688172046,0.5,0.55,0.5
168,1,-1,0.0,-1,-1,1,0.5,0.75,0.25,0.5,0.0,1,-1,1,1,1,1,-1,-1,0.8,0.8,0.8,0.2,0.2,0.2,0.0,0.35,0.4,0.4
601,-1,1,0.42857142857142855,1,-1,1,0.5,0.5,0.5,0.5,0.0,-1,1,-1,-1,-1,1,1,1,0.2,0.6,0.2,0.2,0.2,0.4,0.043010752688172046,0.4,0.4,0.5
68,1,1,0.0,-1,1,1,0.5,0.5,0.5,0.5,0.0,1,1,-1,-1,1,1,1,-1,0.8,0.2,0.6,0.2,0.6,0.8,0.0,0.55,0.5,0.55
493,-1,1,0.2857142857142857,1,-1,1,0.0,0.25,0.5,0.25,0.0,-1,-1,-1,1,-1,1,-1,-1,0.4,0.8,0.8,0.6,1.0,1.0,0.053763440860215055,0.45,0.45,0.5
67,1,1,0.14285714285714285,1,-1,1,0.75,0.25,0.25,1.0,0.0,1,1,-1,-1,1,1,1,-1,0.8,0.6,0.6,0.2,0.4,1.0,0.0,0.5,0.45,0.5
439,-1,1,0.0,-1,-1,1,0.75,0.75,0.5,0.25,0.0,-1,-1,-1,-1,-1,1,1,-1,0.8,0.2,0.6,0.2,0.2,0.8,0.0,0.7,0.8,0.8
341,1,1,0.5714285714285714,1,-1,1,1.0,1.0,0.5,0.5,0.0,-1,1,-1,1,1,1,1,-1,0.4,0.6,0.8,0.4,0.6,0.4,0.021505376344086023,0.7,0.65,0.65
634,-1,1,0.42857142857142855,1,-1,1,0.75,0.75,0.25,0.5,0.0,-1,-1,-1,-1,1,1,1,1,0.8,0.2,0.6,0.2,0.4,0.2,0.010752688172043012,0.8,0.8,0.8
397,1,1,0.2857142857142857,1,-1,-1,0.5,0.5,0.25,0.5,0.0,-1,1,-1,-1,1,1,1,1,0.6,0.6,0.2,0.2,0.4,0.8,0.1935483870967742,0.5,0.6,0.7
369,1,1,0.5714285714285714,1,-1,1,0.25,0.25,0.75,0.75,0.0,-1,-1,-1,1,1,-1,-1,1,0.2,1.0,1.0,0.8,0.6,1.0,0.12903225806451613,0.5,0.5,0.55
217,1,1,0.2857142857142857,-1,-1,1,0.5,0.5,0.25,0.25,0.0,-1,1,-1,-1,1,1,1,-1,1.0,0.6,0.4,0.2,0.4,0.6,0.22580645161290322,0.65,0.65,0.65
289,1,1,0.2857142857142857,1,1,1,1.0,0.5,0.25,1.0,0.0,-1,1,-1,1,1,1,1,-1,0.8,0.4,0.6,0.2,0.2,0.8,0.021505376344086023,0.7,0.75,0.85
541,-1,1,0.2857142857142857,-1,-1,1,0.5,0.5,0.5,0.5,0.0,1,-1,1,-1,1,1,-1,-1,1.0,0.2,0.6,0.2,0.2,1.0,0.0,0.55,0.45,0.55
31,1,-1,0.0,1,-1,1,1.0,1.0,0.5,0.5,0.0,-1,1,-1,1,1,1,1,-1,0.8,0.6,0.2,0.2,0.2,1.0,0.021505376344086023,0.75,0.75,0.75
443,-1,-1,0.0,-1,1,1,1.0,0.25,0.25,0.5,0.0,-1,1,-1,1,1,1,1,-1,1.0,0.6,0.8,0.2,0.4,0.4,0.07526881720430108,0.35,0.45,0.4
563,-1,-1,0.2857142857142857,1,-1,1,0.5,0.5,0.25,0.25,0.25,-1,-1,-1,1,1,1,-1,1,0.2,0.4,0.2,0.4,0.6,1.0,0.0,0.35,0.0,0.0
286,1,-1,0.2857142857142857,-1,-1,1,0.5,0.25,0.25,0.25,0.0,-1,-1,-1,-1,-1,1,1,-1,0.8,0.8,0.4,0.4,0.8,1.0,0.0,0.6,0.6,0.65
225,1,-1,0.2857142857142857,1,1,1,1.0,1.0,0.25,0.5,0.0,-1,1,-1,-1,1,1,1,1,1.0,0.6,1.0,0.8,1.0,0.6,0.16129032258064516,0.65,0.6,0.6
496,-1,1,0.14285714285714285,-1,1,1,0.25,0.25,0.25,0.25,0.0,-1,1,-1,1,1,1,1,1,0.8,0.8,0.8,0.4,0.4,0.8,0.021505376344086023,0.7,0.7,0.7
122,1,1,0.14285714285714285,1,1,1,0.5,1.0,0.5,0.5,0.0,-1,1,-1,1,1,1,1,1,0.8,0.4,0.4,0.2,0.4,1.0,0.021505376344086023,0.7,0.6,0.65
352,1,-1,0.5714285714285714,-1,-1,1,0.75,0.75,0.25,0.5,0.0,-1,-1,-1,1,1,1,-1,1,0.8,1.0,0.6,0.2,0.4,1.0,0.0,0.5,0.5,0.55
136,1,-1,0.14285714285714285,1,-1,1,0.5,0.25,1.0,0.25,0.0,-1,-1,-1,-1,1,1,-1,-1,0.6,0.4,0.2,0.2,0.2,0.4,0.043010752688172046,0.45,0.45,0.55
637,-1,-1,0.42857142857142855,-1,-1,1,0.5,0.25,0.5,0.25,0.0,-1,-1,-1,1,-1,1,1,1,0.8,0.8,0.6,0.2,0.6,1.0,0.0,0.35,0.35,0.0
256,1,-1,0.42857142857142855,1,-1,1,0.5,0.5,0.25,0.25,0.25,-1,1,-1,1,-1,-1,1,1,0.8,0.8,0.6,0.4,0.4,0.2,0.27956989247311825,0.35,0.4,0.4
436,-1,1,0.0,-1,1,1,0.25,0.25,0.5,0.25,0.25,-1,1,-1,-1,1,1,1,1,0.8,0.8,0.6,0.2,0.4,0.4,0.043010752688172046,0.3,0.35,0.4
108,1,-1,0.0,-1,-1,1,1.0,1.0,1.0,1.0,0.0,-1,1,-1,1,1,1,1,1,0.2,0.6,1.0,0.6,1.0,0.2,0.08602150537634409,0.6,0.5,0.55
26,1,-1,0.0,1,-1,1,0.5,0.5,0.25,0.25,0.0,-1,1,-1,-1,1,1,1,-1,0.8,0.4,0.4,0.2,0.4,1.0,0.08602150537634409,0.55,0.6,0.6
520,-1,1,0.14285714285714285,1,1,1,0.25,0.25,0.75,0.5,0.0,-1,1,-1,-1,1,1,1,-1,0.8,0.6,0.4,0.2,0.6,1.0,0.06451612903225806,0.3,0.4,0.4
412,1,1,0.42857142857142855,1,1,1,1.0,0.5,0.25,0.5,0.0,-1,1,-1,1,1,1,1,-1,0.8,0.4,0.4,0.2,0.2,0.6,0.0,0.7,0.85,0.85
558,-1,-1,0.2857142857142857,-1,-1,1,0.5,0.5,0.5,0.25,0.0,-1,-1,-1,1,1,-1,-1,1,1.0,1.0,1.0,0.6,1.0,1.0,0.0,0.4,0.65,0.5
102,1,-1,0.0,1,-1,1,1.0,1.0,0.25,0.25,0.0,-1,1,1,1,-1,1,1,-1,1.0,0.6,0.6,0.2,0.2,1.0,0.021505376344086023,0.6,0.65,0.6
131,1,1,0.42857142857142855,1,-1,1,0.5,0.25,0.25,0.5,0.75,-1,1,-1,1,1,-1,1,1,1.0,0.8,1.0,0.2,0.6,1.0,0.10752688172043011,0.5,0.45,0.4
413,1,-1,0.8571428571428571,-1,1,1,0.25,0.25,0.5,0.5,0.5,-1,1,-1,1,1,-1,1,1,1.0,0.6,0.6,1.0,0.4,0.8,0.22580645161290322,0.45,0.5,0.5
115,1,-1,0.14285714285714285,1,-1,1,1.0,1.0,0.25,0.5,0.0,-1,1,-1,1,1,1,1,-1,1.0,0.8,0.8,0.2,0.4,1.0,0.06451612903225806,0.8,0.7,0.7
319,1,-1,0.42857142857142855,1,-1,1,1.0,1.0,0.5,0.25,0.0,-1,-1,-1,1,1,1,1,-1,0.6,0.4,0.8,0.2,0.8,0.6,0.06451612903225806,0.55,0.6,0.6
237,1,-1,0.42857142857142855,1,-1,1,0.5,0.5,0.5,0.5,0.75,-1,1,1,-1,1,1,1,-1,0.6,0.6,0.6,1.0,1.0,0.8,0.0967741935483871,0.5,0.45,0.5
348,1,1,0.2857142857142857,1,-1,1,1.0,0.5,0.5,0.75,0.0,-1,1,-1,-1,1,1,1,-1,0.8,0.6,0.6,0.2,0.2,0.6,0.0,0.8,0.8,0.8
542,-1,1,0.14285714285714285,1,-1,1,1.0,1.0,0.5,0.75,0.0,-1,1,-1,-1,1,1,1,1,1.0,0.6,1.0,0.2,0.8,1.0,0.010752688172043012,0.5,0.55,0.6
522,-1,1,0.14285714285714285,1,-1,1,1.0,1.0,0.25,0.5,0.0,-1,1,-1,-1,1,1,1,1,0.8,0.6,0.8,0.2,0.4,0.6,0.043010752688172046,0.4,0.4,0.4
549,-1,1,0.2857142857142857,-1,-1,1,1.0,0.5,0.5,0.5,0.0,1,1,-1,-1,-1,1,1,-1,0.8,0.6,0.6,0.4,0.6,1.0,0.0,0.85,0.9,0.9
430,-1,-1,0.14285714285714285,1,-1,-1,0.25,0.5,0.25,0.75,0.0,1,-1,-1,-1,1,1,1,-1,0.8,0.8,0.6,0.2,0.2,1.0,0.0,0.5,0.55,0.55
454,-1,1,0.14285714285714285,1,-1,1,0.25,0.5,0.25,0.75,0.25,-1,1,-1,-1,1,1,-1,-1,0.2,0.6,0.4,0.2,0.4,0.8,0.03225806451612903,0.45,0.4,0.4
297,1,-1,0.2857142857142857,-1,-1,1,0.5,0.5,0.5,0.25,0.0,-1,-1,-1,-1,-1,-1,-1,-1,1.0,0.4,0.4,0.2,0.2,0.8,0.0,0.45,0.5,0.5
294,1,1,0.42857142857142855,-1,-1,1,0.5,0.5,0.25,0.5,0.0,1,-1,-1,-1,1,1,-1,-1,0.6,0.4,0.6,0.2,0.2,1.0,0.043010752688172046,0.55,0.55,0.65
78,1,-1,0.2857142857142857,1,-1,1,0.5,0.25,0.5,0.25,0.75,1,1,-1,1,1,-1,1,-1,0.8,1.0,0.2,0.2,0.2,0.6,0.0,0.45,0.45,0.5
551,-1,-1,0.2857142857142857,1,-1,1,0.75,0.5,0.5,0.5,0.0,-1,1,1,-1,1,1,1,-1,0.8,0.2,0.4,0.4,0.4,0.2,0.0,0.65,0.7,0.65
597,-1,1,0.42857142857142855,-1,-1,1,0.5,0.5,0.75,0.5,0.25,-1,-1,-1,1,1,1,-1,1,0.8,0.6,0.6,0.2,0.2,0.8,0.0,0.45,0.0,0.0
70,1,-1,0.14285714285714285,1,-1,1,0.75,0.25,0.5,1.0,0.0,-1,1,-1,-1,1,1,1,-1,0.8,0.6,0.4,0.2,0.2,1.0,0.021505376344086023,0.65,0.55,0.55
232,1,1,0.2857142857142857,1,-1,1,0.5,0.75,0.5,0.25,0.0,-1,1,-1,-1,1,1,-1,-1,0.6,0.6,0.6,0.2,0.8,0.6,0.043010752688172046,0.6,0.65,0.65
342,1,1,0.42857142857142855,1,1,1,1.0,0.75,0.5,0.5,0.0,-1,1,-1,-1,1,1,1,1,0.8,0.8,1.0,0.2,0.4,0.4,0.0,0.65,0.7,0.7
208,1,-1,0.14285714285714285,1,-1,1,0.5,0.75,0.5,0.25,0.0,-1,-1,-1,-1,1,1,1,-1,1.0,0.6,0.6,0.2,0.2,0.6,0.0,0.65,0.6,0.6
236,1,1,0.14285714285714285,1,-1,1,0.5,0.75,0.25,0.5,0.0,1,-1,-1,-1,1,1,1,-1,0.4,0.6,0.2,0.2,0.2,0.6,0.0,0.65,0.65,0.7
569,-1,-1,0.42857142857142855,1,-1,1,0.75,0.75,0.25,0.5,0.5,-1,1,-1,1,1,-1,1,-1,0.8,0.8,1.0,0.2,0.6,0.6,0.0967741935483871,0.2,0.4,0.4
305,1,-1,0.2857142857142857,1,-1,1,0.5,0.5,0.5,0.25,0.0,-1,-1,-1,-1,1,-1,1,-1,0.8,0.8,0.8,0.4,0.6,0.8,0.08602150537634409,0.4,0.4,0.45
592,-1,1,0.2857142857142857,1,-1,1,0.75,0.75,0.5,0.25,0.0,-1,1,-1,-1,1,1,1,-1,0.8,0.8,0.6,0.2,0.2,0.8,0.0,0.55,0.6,0.65
306,1,-1,0.42857142857142855,-1,1,-1,0.75,1.0,0.5,0.5,0.0,-1,1,-1,1,1,1,1,-1,0.8,0.4,1.0,0.6,0.8,0.2,0.06451612903225806,0.75,0.8,0.8
144,1,1,0.14285714285714285,-1,-1,1,0.25,0.25,0.5,0.25,0.0,-1,1,-1,1,1,1,-1,1,0.6,0.6,0.6,0.2,0.4,0.2,0.08602150537634409,0.6,0.55,0.55
83,1,-1,0.0,1,1,1,0.5,0.5,0.5,0.5,0.0,-1,-1,1,1,1,1,1,-1,1.0,0.6,0.6,0.2,0.6,0.8,0.021505376344086023,0.65,0.6,0.65
463,-1,1,0.0,-1,1,1,0.5,0.5,0.25,0.75,0.0,1,1,-1,-1,1,1,-1,-1,0.8,0.8,0.6,0.4,0.4,1.0,0.021505376344086023,0.7,0.55,0.6
259,1,1,0.2857142857142857,1,1,1,0.25,0.25,0.25,0.75,0.0,-1,1,-1,1,1,1,1,1,0.8,0.6,0.4,0.2,0.4,0.8,0.10752688172043011,0.55,0.5,0.5
475,-1,1,0.0,1,-1,1,0.5,0.5,0.5,0.75,0.0,-1,1,-1,1,1,1,-1,-1,1.0,0.6,0.4,0.2,0.2,0.8,0.0,0.6,0.65,0.7
47,1,-1,0.14285714285714285,1,-1,1,1.0,0.75,0.25,1.0,0.0,-1,-1,-1,1,1,1,1,-1,0.8,0.4,0.4,0.2,0.2,0.4,0.021505376344086023,0.85,0.85,0.85
621,-1,1,0.2857142857142857,-1,-1,1,0.25,0.5,0.5,0.5,0.0,-1,-1,-1,-1,-1,1,-1,-1,0.6,0.4,0.4,0.2,0.4,0.6,0.0,0.65,0.65,0.65
253,1,1,0.42857142857142855,1,1,-1,0.5,1.0,0.5,0.5,0.25,-1,1,-1,-1,1,1,1,-1,0.8,0.6,0.6,0.2,0.2,0.6,0.1935483870967742,0.5,0.5,0.5
135,1,1,0.14285714285714285,1,-1,-1,0.75,1.0,0.25,0.25,0.0,-1,-1,-1,-1,1,1,1,-1,0.6,0.4,0.2,0.2,0.8,1.0,0.12903225806451613,0.75,0.65,0.7
125,1,-1,0.0,1,-1,1,0.75,1.0,0.25,0.25,0.0,1,-1,-1,-1,1,1,1,-1,1.0,1.0,1.0,0.6,0.4,1.0,0.021505376344086023,0.45,0.45,0.45
479,-1,1,0.2857142857142857,1,-1,1,0.5,0.5,0.25,0.25,0.0,-1,1,-1,1,1,-1,-1,-1,0.8,1.0,0.6,0.2,0.2,1.0,0.043010752688172046,0.45,0.45,0.5
501,-1,-1,0.14285714285714285,1,1,1,1.0,0.75,0.25,0.25,0.0,-1,-1,-1,1,1,1,1,-1,0.8,0.4,1.0,0.2,1.0,1.0,0.08602150537634409,0.7,0.6,0.65
69,1,1,0.0,-1,1,1,0.75,0.25,0.5,1.0,0.0,-1,1,-1,-1,-1,1,1,-1,0.8,0.8,0.4,0.4,0.6,0.6,0.06451612903225806,0.75,0.75,0.75
554,-1,1,0.2857142857142857,-1,-1,1,0.25,0.25,0.5,0.25,0.0,-1,1,-1,1,1,-1,1,1,0.6,1.0,1.0,0.4,0.4,0.8,0.03225806451612903,0.5,0.55,0.5
504,-1,1,0.5714285714285714,1,1,1,0.5,0.5,0.25,0.75,0.0,-1,-1,-1,-1,1,1,1,1,1.0,0.8,1.0,0.2,0.2,0.2,0.0,0.6,0.65,0.65
582,-1,1,0.5714285714285714,1,1,-1,0.25,0.25,0.25,0.25,0.0,-1,1,-1,-1,1,-1,-1,-1,0.2,0.8,0.8,0.2,0.2,1.0,0.0,0.3,0.4,0.35
11,1,1,0.0,1,-1,1,0.5,0.25,0.75,0.75,0.0,-1,1,-1,1,1,1,1,-1,1.0,0.4,0.4,0.2,0.2,0.8,0.0,0.5,0.6,0.65
624,-1,1,0.2857142857142857,-1,-1,1,0.25,0.25,0.75,0.25,0.25,-1,1,-1,-1,1,1,1,1,1.0,0.4,0.2,0.2,0.4,0.2,0.0,0.4,0.4,0.45
28,1,-1,0.14285714285714285,1,1,-1,0.75,1.0,0.25,0.5,0.0,1,1,1,1,1,1,1,-1,1.0,0.6,0.6,0.2,0.2,1.0,0.021505376344086023,0.6,0.6,0.65
48,1,-1,0.0,1,-1,1,1.0,0.5,0.25,0.5,0.0,-1,1,-1,-1,1,1,-1,-1,0.8,0.6,0.6,0.4,0.4,1.0,0.043010752688172046,0.55,0.6,0.65
230,1,1,0.2857142857142857,1,-1,1,1.0,0.75,0.25,0.5,0.0,-1,-1,-1,-1,1,1,1,1,0.6,0.8,1.0,0.4,0.8,0.2,0.17204301075268819,0.55,0.45,0.5
477,-1,-1,0.0,1,-1,1,0.75,0.75,0.5,0.25,0.0,-1,1,-1,1,-1,1,1,-1,0.8,0.6,0.6,0.4,0.8,0.6,0.11827956989247312,0.6,0.5,0.55
435,-1,1,0.0,-1,1,1,0.25,0.25,0.5,0.5,0.0,-1,1,-1,-1,1,1,1,-1,1.0,0.8,0.6,0.2,0.4,0.8,0.0,0.5,0.5,0.5
323,1,-1,0.42857142857142855,1,1,1,1.0,0.75,0.5,0.25,0.0,-1,-1,-1,1,1,1,1,-1,0.8,0.4,0.6,0.2,0.4,0.2,0.0,0.5,0.5,0.5
182,1,1,0.14285714285714285,1,-1,1,0.5,0.5,0.25,0.5,0.0,-1,1,-1,-1,-1,1,1,-1,1.0,0.2,1.0,0.2,0.2,0.8,0.0,0.6,0.6,0.65
287,1,-1,0.2857142857142857,1,1,1,0.25,0.25,0.5,0.25,0.25,-1,1,-1,1,1,1,1,-1,0.8,0.8,0.8,0.2,0.4,1.0,0.0,0.45,0.5,0.5
285,1,-1,0.14285714285714285,-1,-1,1,0.5,0.25,0.5,0.25,0.0,-1,-1,-1,1,-1,1,-1,-1,0.6,0.6,0.4,0.2,0.6,0.6,0.021505376344086023,0.7,0.65,0.6
25,1,1,0.14285714285714285,1,-1,1,0.5,0.5,0.25,0.25,0.0,-1,1,-1,-1,-1,1,1,-1,0.2,0.4,0.4,0.2,0.6,1.0,0.06451612903225806,0.5,0.55,0.6
174,1,-1,0.2857142857142857,-1,1,1,0.5,0.25,0.5,0.25,0.25,-1,-1,1,1,1,-1,1,1,0.6,0.6,0.4,0.4,0.4,1.0,0.08602150537634409,0.4,0.4,0.45
532,-1,-1,0.14285714285714285,1,-1,1,0.5,0.25,0.5,0.5,0.0,-1,-1,-1,-1,-1,1,1,1,0.8,0.4,0.4,0.2,0.8,1.0,0.021505376344086023,0.45,0.35,0.4
602,-1,1,0.42857142857142855,1,1,1,0.5,0.5,0.5,0.75,0.0,-1,-1,-1,-1,1,1,1,1,1.0,0.8,1.0,0.2,0.8,0.6,0.0,0.55,0.6,0.65
165,1,1,0.0,-1,-1,1,0.75,0.75,0.5,0.75,0.0,-1,1,1,1,1,1,1,1,0.8,0.4,0.2,0.4,0.6,0.6,0.021505376344086023,0.65,0.65,0.65
394,1,1,0.2857142857142857,-1,-1,-1,0.75,0.5,0.25,0.5,0.0,-1,1,-1,-1,1,1,1,-1,0.8,0.6,0.6,0.4,0.6,0.4,0.0,0.7,0.7,0.8
573,-1,1,0.2857142857142857,1,-1,1,0.25,0.25,0.25,0.25,0.0,-1,1,-1,1,1,1,-1,-1,0.8,0.6,0.4,0.2,0.4,1.0,0.0967741935483871,0.35,0.45,0.5
408,1,-1,0.42857142857142855,1,1,1,0.5,0.5,0.25,0.5,0.0,-1,1,-1,1,-1,-1,1,-1,0.8,0.8,0.8,0.2,0.6,0.6,0.11827956989247312,0.45,0.55,0.6
275,1,1,0.42857142857142855,1,-1,1,0.5,0.25,0.5,0.75,0.0,-1,1,-1,-1,-1,1,1,1,0.8,0.8,0.8,0.2,0.2,0.6,0.10752688172043011,0.6,0.5,0.55
104,1,-1,0.0,1,-1,-1,0.75,1.0,0.25,0.5,0.0,-1,1,-1,1,1,1,1,-1,1.0,0.8,0.8,0.2,0.2,0.2,0.0,0.8,0.8,0.8
575,-1,1,0.42857142857142855,-1,-1,-1,1.0,0.75,0.25,0.25,0.0,-1,1,-1,-1,1,1,1,-1,1.0,0.8,0.8,0.6,0.8,0.4,0.08602150537634409,0.5,0.55,0.5
226,1,1,0.14285714285714285,1,-1,-1,0.5,0.5,0.25,0.5,0.0,1,1,-1,-1,1,1,1,-1,0.6,0.6,0.8,0.2,0.2,0.8,0.0,0.65,0.65,0.65
516,-1,1,0.14285714285714285,-1,-1,1,1.0,1.0,0.25,0.5,0.0,-1,-1,-1,1,-1,1,1,1,0.8,0.6,0.6,0.4,0.6,0.4,0.0,0.7,0.8,0.8
30,1,-1,0.0,1,-1,1,1.0,1.0,0.25,0.5,0.0,-1,1,1,-1,-1,1,1,-1,1.0,0.8,0.4,0.6,0.8,1.0,0.0,0.5,0.55,0.55
260,1,1,0.14285714285714285,1,-1,1,0.25,0.5,0.25,0.25,0.0,-1,-1,-1,-1,1,-1,1,-1,1.0,0.6,1.0,0.2,0.4,1.0,0.043010752688172046,0.6,0.55,0.55
245,1,-1,0.2857142857142857,-1,-1,1,0.5,0.5,0.5,0.5,0.0,-1,1,-1,1,1,1,1,-1,0.8,1.0,0.4,0.2,0.2,0.2,0.0,0.6,0.65,0.65
21,1,-1,0.0,1,-1,1,1.0,1.0,0.25,0.25,0.0,-1,1,1,-1,1,1,1,-1,1.0,0.8,0.4,0.2,0.2,1.0,0.0,0.55,0.6,0.6
598,-1,-1,0.42857142857142855,1,1,1,0.25,0.5,0.5,0.25,0.0,-1,1,-1,-1,-1,1,-1,-1,0.8,0.2,0.8,1.0,1.0,0.2,0.08602150537634409,0.5,0.55,0.55
234,1,1,0.2857142857142857,-1,-1,1,0.5,0.25,0.5,0.5,0.0,-1,1,-1,1,1,1,1,-1,0.8,0.4,1.0,0.2,0.4,1.0,0.0,0.55,0.5,0.55
77,1,1,0.14285714285714285,1,-1,1,0.5,0.5,0.25,1.0,0.0,-1,-1,-1,-1,1,1,1,1,1.0,0.4,0.6,0.2,0.6,0.6,0.010752688172043012,0.65,0.65,0.65
453,-1,1,0.14285714285714285,1,-1,1,0.25,0.5,0.25,0.75,0.25,-1,1,-1,-1,1,1,-1,-1,0.2,0.6,0.4,0.2,0.4,0.8,0.0,0.5,0.4,0.4
143,1,1,0.42857142857142855,1,-1,-1,0.75,0.5,0.25,0.75,0.0,-1,1,-1,1,-1,1,1,1,0.8,0.6,0.6,1.0,0.2,1.0,0.10752688172043011,0.6,0.55,0.55
630,-1,1,0.42857142857142855,-1,1,1,1.0,1.0,0.5,0.75,0.0,-1,-1,-1,-1,1,1,1,-1,1.0,0.8,0.8,0.2,0.2,0.2,0.0,0.75,0.85,0.85
613,-1,1,0.42857142857142855,1,-1,1,0.75,0.75,0.25,0.5,0.0,-1,1,-1,-1,1,1,-1,1,1.0,0.6,0.8,0.2,0.2,1.0,0.0,0.5,0.5,0.5
318,1,1,0.42857142857142855,-1,-1,-1,0.75,0.5,0.5,0.5,0.0,-1,-1,-1,-1,-1,-1,1,1,0.8,0.2,0.2,0.2,0.2,1.0,0.16129032258064516,0.6,0.45,0.5
523,-1,-1,0.42857142857142855,1,1,1,1.0,1.0,0.25,1.0,0.0,-1,1,-1,1,1,-1,1,1,1.0,1.0,1.0,1.0,1.0,1.0,0.021505376344086023,0.25,0.3,0.3
23,1,-1,0.14285714285714285,1,1,1,0.5,0.5,0.5,0.5,0.0,-1,1,-1,1,1,1,1,-1,1.0,0.8,0.8,0.4,0.8,1.0,0.021505376344086023,0.5,0.5,0.5
178,1,-1,0.2857142857142857,-1,1,1,0.25,0.25,1.0,0.5,0.0,-1,-1,-1,1,1,-1,-1,1,1.0,0.6,1.0,0.2,1.0,1.0,0.0,0.4,0.4,0.4
296,1,-1,0.42857142857142855,1,-1,1,0.5,0.25,0.25,0.5,0.0,-1,-1,-1,1,1,1,1,-1,1.0,0.4,0.8,0.2,0.4,0.8,0.021505376344086023,0.8,0.8,0.8
565,-1,-1,0.14285714285714285,-1,1,1,0.25,0.25,0.5,0.25,0.0,-1,-1,-1,1,1,1,1,-1,0.8,1.0,1.0,0.4,0.8,1.0,0.0,0.5,0.5,0.45
38,1,1,0.0,-1,-1,1,0.75,1.0,0.25,0.75,0.0,1,1,-1,1,1,1,1,-1,0.8,0.6,0.4,0.2,0.2,1.0,0.021505376344086023,0.55,0.6,0.6
324,1,-1,0.42857142857142855,1,-1,1,0.25,0.5,0.5,0.25,0.0,-1,-1,-1,-1,-1,-1,1,-1,0.6,0.8,0.8,0.4,0.8,0.8,0.10752688172043011,0.5,0.5,0.55
101,1,-1,0.14285714285714285,1,-1,1,1.0,1.0,0.25,0.75,0.0,-1,1,-1,1,1,1,1,1,0.8,0.8,0.6,0.2,0.2,0.8,0.0,0.8,0.8,0.8
57,1,-1,0.0,1,-1,1,1.0,1.0,0.25,0.5,0.0,-1,1,-1,1,1,1,-1,-1,0.6,0.4,0.4,0.2,0.2,1.0,0.08602150537634409,0.75,0.75,0.8
442,-1,-1,0.0,-1,1,1,1.0,0.25,0.25,0.5,0.0,-1,1,-1,1,1,1,1,-1,1.0,0.6,0.8,0.2,0.4,0.4,0.0,0.6,0.65,0.7
291,1,-1,0.42857142857142855,1,1,1,0.5,0.25,0.75,0.5,0.25,-1,-1,-1,1,-1,-1,1,-1,0.8,0.8,1.0,0.8,0.8,1.0,0.043010752688172046,0.55,0.5,0.55
65,1,1,0.14285714285714285,1,1,1,1.0,0.75,0.75,0.5,0.0,-1,1,-1,1,1,1,1,-1,1.0,0.8,0.6,0.2,0.4,0.2,0.021505376344086023,0.8,0.75,0.8
628,-1,1,0.2857142857142857,1,-1,1,0.5,0.5,0.25,0.75,0.0,-1,-1,-1,1,1,1,-1,1,0.6,0.8,0.6,0.2,0.2,0.6,0.08602150537634409,0.5,0.55,0.6
66,1,-1,0.0,1,-1,-1,1.0,1.0,0.25,1.0,0.0,-1,1,-1,1,-1,1,1,1,0.2,0.6,0.6,1.0,1.0,0.6,0.0,0.55,0.6,0.6
605,-1,1,0.5714285714285714,1,-1,1,0.25,0.25,0.5,0.25,0.25,-1,-1,-1,-1,1,-1,-1,-1,1.0,1.0,1.0,0.4,0.6,0.4,0.0,0.25,0.0,0.0
250,1,-1,0.2857142857142857,1,1,1,0.5,0.5,0.25,0.5,0.0,-1,-1,-1,1,-1,1,1,1,0.8,0.8,0.4,1.0,1.0,0.8,0.0,0.8,0.8,0.8
607,-1,1,0.2857142857142857,-1,1,-1,0.5,0.25,0.5,0.5,0.0,-1,-1,-1,1,1,1,1,1,1.0,0.6,0.6,0.2,0.4,0.4,0.053763440860215055,0.55,0.55,0.6
118,1,-1,0.2857142857142857,-1,-1,1,0.25,0.75,0.75,0.5,0.25,-1,1,-1,1,1,1,1,-1,1.0,0.4,0.8,0.2,0.8,1.0,0.15053763440860216,0.6,0.55,0.55
502,-1,-1,0.2857142857142857,-1,1,1,0.5,0.5,0.75,1.0,0.25,-1,1,-1,-1,1,1,-1,-1,0.2,0.6,1.0,0.6,1.0,0.6,0.021505376344086023,0.5,0.4,0.45
494,-1,1,0.14285714285714285,-1,1,1,0.25,0.5,0.25,0.5,0.0,-1,-1,-1,1,1,-1,1,-1,0.8,0.8,1.0,0.2,0.6,0.6,0.0,0.4,0.45,0.45
441,-1,-1,0.2857142857142857,1,-1,1,0.25,0.25,0.25,0.5,0.0,-1,-1,1,-1,-1,1,1,-1,0.8,0.8,0.6,0.4,0.8,1.0,0.043010752688172046,0.4,0.45,0.45
609,-1,1,0.42857142857142855,1,-1,1,0.25,0.5,0.5,0.5,0.0,-1,1,-1,-1,1,-1,-1,-1,0.8,0.2,0.2,0.2,0.2,0.8,0.0,0.55,0.55,0.6
576,-1,-1,0.42857142857142855,-1,-1,1,0.75,0.5,0.5,0.25,0.0,-1,1,-1,-1,-1,1,1,-1,0.4,1.0,1.0,1.0,1.0,1.0,0.08602150537634409,0.45,0.5,0.55
586,-1,1,0.2857142857142857,1,-1,1,1.0,0.5,0.25,0.5,0.0,1,1,-1,1,1,1,1,-1,1.0,1.0,1.0,0.2,0.6,1.0,0.0,0.4,0.4,0.0
512,-1,1,0.42857142857142855,-1,-1,1,0.25,0.25,0.25,0.5,0.25,-1,1,-1,-1,1,1,1,1,0.8,0.6,0.4,0.2,0.2,1.0,0.0967741935483871,0.35,0.35,0.35
483,-1,1,0.14285714285714285,-1,-1,1,0.5,0.5,0.75,0.5,0.0,-1,1,-1,-1,1,-1,1,-1,0.6,0.8,1.0,0.2,0.4,0.2,0.010752688172043012,0.45,0.5,0.55
560,-1,-1,0.2857142857142857,-1,-1,1,0.25,0.25,0.5,0.25,0.0,-1,1,-1,1,-1,1,1,1,0.8,1.0,1.0,0.2,0.6,0.4,0.0,0.5,0.45,0.5
148,1,1,0.0,-1,-1,1,0.25,0.25,0.75,0.25,0.25,-1,-1,-1,1,1,1,1,1,1.0,1.0,1.0,0.2,0.2,0.2,0.021505376344086023,0.4,0.45,0.45
227,1,-1,0.42857142857142855,1,-1,1,0.5,0.5,0.25,0.5,0.0,-1,1,-1,1,1,1,1,-1,0.8,0.8,0.8,0.4,0.8,1.0,0.10752688172043011,0.6,0.55,0.55
42,1,-1,0.0,1,-1,1,1.0,1.0,0.25,0.5,0.0,-1,1,-1,1,1,1,1,-1,0.8,0.6,0.6,0.2,0.2,1.0,0.0,0.7,0.75,0.75
623,-1,-1,0.42857142857142855,1,1,1,1.0,1.0,0.5,0.75,0.0,-1,-1,-1,-1,1,1,1,1,0.8,0.4,0.4,0.4,0.4,1.0,0.0,0.75,0.8,0.8
620,-1,1,0.2857142857142857,1,1,1,1.0,1.0,0.25,0.5,0.0,-1,1,-1,1,1,1,1,1,0.4,0.6,0.8,0.2,0.2,0.2,0.043010752688172046,0.75,0.7,0.75
151,1,-1,0.14285714285714285,1,-1,1,1.0,1.0,0.25,0.75,0.0,-1,1,-1,1,1,1,1,-1,1.0,0.6,0.6,0.2,0.6,1.0,0.0,0.75,0.65,0.65
378,1,-1,0.2857142857142857,1,-1,1,0.75,0.75,0.25,0.25,0.0,-1,-1,-1,1,-1,1,1,-1,0.8,0.6,1.0,0.6,1.0,1.0,0.0,0.85,0.9,0.85
354,1,1,0.42857142857142855,1,-1,1,0.5,0.25,0.5,0.5,0.0,-1,1,-1,1,1,1,1,-1,1.0,0.6,0.6,0.2,0.4,0.2,0.021505376344086023,0.6,0.6,0.75
55,1,1,0.14285714285714285,1,-1,-1,0.5,0.25,0.25,0.5,0.0,-1,-1,-1,1,1,1,1,1,1.0,0.6,0.8,0.2,0.2,0.4,0.021505376344086023,0.6,0.65,0.6
317,1,1,0.2857142857142857,1,1,1,0.5,0.5,0.5,0.5,0.0,1,1,-1,-1,1,1,1,1,0.8,0.8,0.8,0.4,0.6,1.0,0.06451612903225806,0.6,0.6,0.6
647,-1,-1,0.2857142857142857,1,1,1,0.75,0.25,0.5,0.25,0.0,-1,-1,-1,-1,-1,1,1,-1,0.4,0.8,1.0,0.6,0.8,0.4,0.06451612903225806,0.5,0.5,0.5
197,1,1,0.2857142857142857,1,1,1,0.75,0.75,0.25,0.5,0.0,-1,1,-1,1,1,1,1,1,1.0,0.6,0.6,0.4,0.6,0.2,0.34408602150537637,0.7,0.65,0.7
95,1,1,0.0,-1,-1,1,0.25,0.25,0.5,1.0,0.0,1,1,1,1,1,1,1,-1,0.6,0.2,0.4,0.2,0.2,0.2,0.043010752688172046,0.65,0.65,0.65
334,1,-1,0.42857142857142855,1,-1,1,0.5,0.25,0.25,0.75,0.0,-1,-1,-1,1,1,1,1,-1,0.8,0.4,0.8,0.2,0.6,0.4,0.0,0.7,0.75,0.75
450,-1,1,0.14285714285714285,-1,-1,1,0.5,0.75,0.75,0.5,0.0,-1,1,-1,-1,1,1,1,-1,0.8,1.0,0.8,0.2,0.4,0.2,0.021505376344086023,0.75,0.75,0.75
243,1,1,0.2857142857142857,1,-1,-1,0.5,0.25,0.5,0.75,0.0,-1,-1,-1,1,1,1,1,1,0.6,0.4,0.6,0.2,0.4,0.6,0.0,0.75,0.75,0.8
526,-1,1,0.2857142857142857,-1,-1,1,1.0,0.25,0.25,0.25,0.0,-1,-1,-1,-1,1,1,1,1,0.8,0.4,0.6,0.2,0.4,1.0,0.010752688172043012,0.65,0.7,0.7
310,1,1,0.42857142857142855,-1,-1,1,0.5,0.25,0.5,0.5,0.0,-1,1,-1,-1,1,-1,1,1,0.8,0.6,1.0,0.2,0.4,0.6,0.12903225806451613,0.4,0.45,0.5
142,1,-1,0.42857142857142855,1,1,1,0.75,0.25,0.5,0.25,0.0,-1,-1,-1,1,1,1,1,1,0.6,0.6,0.8,0.8,1.0,0.8,0.021505376344086023,0.55,0.55,0.6
27,1,-1,0.0,1,-1,1,1.0,0.5,0.25,0.25,0.0,-1,-1,-1,-1,1,1,1,-1,0.4,0.4,0.8,0.4,0.8,0.2,0.0,0.55,0.55,0.55
238,1,1,0.14285714285714285,1,-1,1,1.0,1.0,0.25,0.75,0.0,-1,1,-1,1,-1,1,1,-1,1.0,0.6,0.4,0.2,0.2,1.0,0.043010752688172046,0.75,0.8,0.8
147,1,1,0.0,1,-1,1,1.0,1.0,0.5,0.25,0.0,-1,-1,-1,1,1,1,1,-1,0.8,0.6,0.4,0.2,0.2,1.0,0.06451612903225806,0.65,0.7,0.7
33,1,-1,0.0,1,1,1,0.75,0.75,0.25,0.5,0.0,-1,-1,-1,1,-1,1,1,-1,1.0,0.6,0.4,0.2,0.2,0.4,0.0,0.65,0.6,0.6
309,1,-1,0.42857142857142855,1,-1,1,1.0,0.5,0.25,0.5,0.0,-1,1,-1,1,1,1,1,1,1.0,0.8,1.0,0.2,0.6,1.0,0.043010752688172046,0.5,0.6,0.7
4,1,1,0.14285714285714285,1,-1,1,0.75,0.75,0.25,0.5,0.0,-1,1,-1,-1,1,1,-1,-1,0.8,0.6,0.4,0.2,0.4,1.0,0.0,0.55,0.65,0.65
374,1,1,0.2857142857142857,1,-1,1,0.75,0.25,0.25,0.75,0.0,-1,1,-1,-1,-1,1,1,-1,0.6,0.8,0.6,0.4,0.6,1.0,0.0,0.85,0.9,0.85
431,-1,1,0.2857142857142857,-1,-1,1,0.75,0.5,0.25,0.5,0.25,-1,-1,-1,-1,1,1,-1,1,0.8,1.0,0.8,0.2,0.4,1.0,0.0,0.5,0.5,0.5
105,1,1,0.0,1,-1,-1,0.75,0.75,0.25,1.0,0.0,1,-1,-1,-1,1,1,-1,-1,0.8,0.6,0.6,0.2,0.2,0.8,0.10752688172043011,0.5,0.5,0.5
192,1,-1,0.14285714285714285,-1,-1,1,1.0,0.5,0.25,0.25,0.0,-1,1,-1,1,1,1,1,1,0.8,0.6,0.6,0.6,0.8,0.6,0.08602150537634409,0.5,0.45,0.55
470,-1,1,0.0,-1,-1,1,0.75,0.75,0.25,0.5,0.0,-1,1,-1,-1,1,1,1,1,0.8,1.0,0.8,0.2,0.2,0.2,0.043010752688172046,0.65,0.6,0.6
487,-1,1,0.42857142857142855,-1,1,-1,0.75,0.5,0.5,0.75,0.5,-1,1,-1,-1,-1,-1,-1,1,0.6,0.6,0.4,0.2,0.2,0.4,0.06451612903225806,0.35,0.45,0.5
280,1,-1,0.42857142857142855,-1,1,1,0.75,0.75,0.25,0.5,0.0,-1,1,-1,-1,1,1,1,1,0.8,0.6,0.6,0.2,0.6,1.0,0.08602150537634409,0.5,0.45,0.5
577,-1,-1,0.5714285714285714,-1,-1,1,0.25,0.25,0.75,0.5,0.25,-1,-1,-1,-1,1,1,1,-1,1.0,0.8,0.8,0.6,0.6,0.4,0.08602150537634409,0.5,0.45,0.55
540,-1,1,0.2857142857142857,1,-1,1,0.75,0.5,0.5,0.25,0.0,-1,-1,-1,-1,1,1,-1,1,0.8,0.6,0.6,0.4,0.4,0.2,0.053763440860215055,0.45,0.55,0.55
170,1,1,0.42857142857142855,-1,-1,1,0.25,0.25,0.75,0.25,0.75,-1,1,-1,1,-1,1,-1,-1,1.0,0.4,1.0,0.2,1.0,0.8,0.06451612903225806,0.55,0.5,0.55
544,-1,-1,0.2857142857142857,-1,1,1,0.25,0.75,0.5,0.25,0.0,-1,-1,-1,1,1,1,-1,1,1.0,0.2,0.4,0.6,0.6,1.0,0.021505376344086023,0.6,0.55,0.6
561,-1,-1,0.42857142857142855,1,1,1,0.25,0.25,0.5,0.5,0.0,-1,1,-1,1,1,1,-1,-1,0.8,0.6,0.6,0.2,0.8,1.0,0.06451612903225806,0.5,0.45,0.5
386,1,1,0.2857142857142857,-1,-1,1,0.5,1.0,0.25,0.75,0.0,-1,1,-1,-1,1,1,1,1,0.8,0.8,0.6,0.2,0.2,1.0,0.0,0.75,0.75,0.75
643,-1,1,0.42857142857142855,-1,-1,1,1.0,1.0,0.75,0.25,0.0,-1,1,-1,1,1,1,1,1,0.8,0.8,0.6,0.4,0.4,1.0,0.043010752688172046,0.35,0.45,0.5
424,-1,1,0.14285714285714285,-1,-1,1,0.5,0.5,0.5,0.5,0.0,-1,1,-1,1,1,1,1,-1,0.8,0.8,0.8,0.2,0.2,1.0,0.0,0.6,0.6,0.6
195,1,-1,0.14285714285714285,1,-1,1,0.75,0.75,0.25,0.5,0.0,-1,-1,-1,1,1,1,1,1,0.8,0.4,0.6,0.2,0.4,0.6,0.0,0.55,0.6,0.65
389,1,1,0.42857142857142855,1,1,1,0.5,0.5,0.25,0.5,0.0,-1,-1,-1,1,-1,1,1,1,0.8,0.6,0.6,0.2,0.2,0.4,0.0,0.5,0.45,0.6
407,1,1,0.8571428571428571,1,1,1,1.0,1.0,0.25,0.75,0.5,-1,-1,1,1,1,1,1,-1,0.6,0.6,0.4,0.2,0.2,1.0,0.0,0.45,0.6,0.6
261,1,1,0.2857142857142857,-1,-1,1,0.5,0.25,0.75,0.5,0.0,-1,-1,-1,1,1,1,-1,-1,0.4,0.2,0.2,0.2,0.2,0.6,0.021505376344086023,0.65,0.65,0.65
432,-1,1,0.2857142857142857,-1,-1,1,0.25,0.25,0.25,0.25,0.25,-1,1,-1,-1,-1,-1,1,-1,1.0,0.8,0.8,0.4,0.4,1.0,0.0,0.3,0.3,0.35
262,1,1,0.2857142857142857,-1,1,-1,0.25,1.0,1.0,0.25,0.25,-1,1,-1,-1,1,1,1,-1,1.0,1.0,0.8,0.2,0.2,1.0,0.15053763440860216,0.45,0.45,0.4
54,1,1,0.0,1,1,-1,0.75,0.75,0.25,0.25,0.0,-1,-1,-1,-1,1,1,1,-1,1.0,0.6,0.8,0.8,0.8,0.2,0.0,0.65,0.6,0.65
416,1,-1,0.2857142857142857,1,1,-1,0.75,0.5,0.25,0.5,0.0,-1,1,-1,-1,1,1,1,-1,0.8,0.8,0.8,0.2,0.4,1.0,0.10752688172043011,0.8,0.9,0.9
337,1,1,0.2857142857142857,1,-1,1,1.0,0.75,0.25,0.75,0.0,-1,1,-1,-1,1,1,1,-1,0.8,0.4,0.4,0.2,0.4,0.6,0.0,0.85,0.9,0.9
330,1,1,0.42857142857142855,1,-1,1,0.5,0.25,0.5,0.5,0.0,-1,-1,-1,1,1,1,1,1,0.8,0.6,0.2,0.2,0.2,1.0,0.10752688172043011,0.6,0.65,0.7
371,1,1,0.42857142857142855,1,-1,1,0.5,0.5,0.25,0.25,0.0,-1,1,-1,1,1,1,1,1,0.8,0.6,1.0,0.4,0.8,1.0,0.021505376344086023,0.5,0.5,0.5
593,-1,1,0.42857142857142855,1,1,-1,0.25,0.5,0.5,0.5,0.0,-1,-1,-1,-1,1,1,1,-1,0.8,0.8,0.6,0.2,0.4,0.8,0.0,0.6,0.65,0.7
518,-1,1,0.42857142857142855,1,-1,-1,0.5,1.0,0.25,0.5,0.25,-1,1,-1,-1,1,1,1,-1,0.4,0.6,0.4,0.2,0.6,0.2,0.08602150537634409,0.4,0.25,0.4
282,1,-1,0.42857142857142855,1,-1,1,0.75,0.5,0.5,0.25,0.0,-1,-1,-1,-1,1,-1,1,-1,0.8,0.8,1.0,0.4,0.8,1.0,0.08602150537634409,0.35,0.4,0.35
175,1,-1,0.2857142857142857,-1,-1,1,0.75,0.5,0.5,0.5,0.5,1,1,-1,-1,1,1,1,1,0.8,0.8,0.8,0.2,0.8,0.6,0.043010752688172046,0.35,0.3,0.4
314,1,-1,0.2857142857142857,-1,-1,1,0.25,0.5,0.25,0.5,0.0,-1,1,-1,1,-1,1,-1,1,0.6,1.0,0.4,0.4,0.4,0.2,0.021505376344086023,0.8,0.85,0.9
133,1,1,0.0,1,-1,1,0.25,0.25,0.75,0.25,0.0,-1,1,-1,1,-1,1,1,1,0.8,0.6,0.6,0.2,0.4,0.8,0.06451612903225806,0.55,0.6,0.65
190,1,1,0.14285714285714285,1,-1,1,0.5,0.5,0.5,0.5,0.0,-1,-1,-1,1,-1,1,1,-1,0.6,0.8,0.8,0.2,0.8,1.0,0.0,0.65,0.6,0.7
17,1,1,0.14285714285714285,1,-1,1,0.75,0.75,0.75,0.5,0.0,1,1,-1,1,1,1,-1,-1,1.0,0.6,0.4,0.2,0.2,0.8,0.021505376344086023,0.65,0.7,0.7
300,1,1,0.42857142857142855,1,-1,1,1.0,0.75,0.25,0.5,0.0,-1,1,-1,-1,1,1,1,1,0.6,0.2,0.4,0.2,0.6,0.4,0.021505376344086023,0.75,0.75,0.75
339,1,-1,0.42857142857142855,-1,1,1,0.75,0.5,0.5,0.75,0.0,-1,1,-1,1,1,1,1,-1,1.0,0.8,0.4,0.2,0.2,0.8,0.0,0.7,0.75,0.75
172,1,-1,0.14285714285714285,1,-1,1,0.75,0.75,0.25,0.5,0.25,-1,1,-1,-1,1,1,1,1,0.8,1.0,1.0,0.8,0.8,1.0,0.0,0.5,0.5,0.05
199,1,-1,0.2857142857142857,1,-1,1,0.75,0.75,0.25,0.5,0.0,-1,1,-1,1,1,1,1,1,0.8,0.6,0.8,0.4,0.6,0.8,0.06451612903225806,0.55,0.65,0.7
293,1,1,0.42857142857142855,1,1,1,0.25,0.25,0.25,0.75,0.0,-1,1,-1,-1,-1,1,-1,-1,0.8,0.8,0.6,0.4,0.6,0.6,0.043010752688172046,0.55,0.6,0.7
415,1,1,0.5714285714285714,1,-1,1,1.0,1.0,0.25,0.25,0.25,-1,1,-1,-1,1,1,1,1,0.6,0.4,1.0,0.8,0.8,1.0,0.053763440860215055,0.45,0.5,0.55
20,1,-1,0.0,1,-1,1,1.0,0.75,0.25,0.5,0.0,-1,-1,-1,-1,1,1,1,-1,0.8,0.8,0.2,0.2,0.2,0.2,0.0,0.6,0.65,0.7
185,1,-1,0.14285714285714285,1,-1,1,0.25,0.0,0.5,0.5,0.0,-1,1,-1,1,1,1,1,1,0.8,0.6,0.4,0.2,0.2,0.6,0.0,0.8,0.85,0.9
37,1,-1,0.14285714285714285,-1,-1,-1,1.0,1.0,0.5,0.75,0.0,-1,1,-1,1,1,1,1,1,0.4,0.8,0.6,0.2,0.2,1.0,0.043010752688172046,0.65,0.65,0.65
41,1,-1,0.0,1,1,1,1.0,1.0,0.25,0.25,0.0,-1,1,-1,-1,-1,1,1,1,1.0,0.8,0.6,0.4,0.8,1.0,0.08602150537634409,0.5,0.55,0.55
365,1,1,0.2857142857142857,1,-1,-1,1.0,0.75,0.25,0.5,0.0,-1,1,-1,-1,1,1,1,1,1.0,0.4,0.4,0.2,0.4,1.0,0.15053763440860216,0.75,0.7,0.85
421,1,1,0.7142857142857143,1,-1,1,0.25,0.0,0.5,0.25,0.25,1,-1,-1,-1,1,1,1,1,1.0,0.6,0.2,0.2,0.2,1.0,0.053763440860215055,0.4,0.5,0.5
632,-1,1,0.5714285714285714,-1,-1,1,0.25,0.25,0.5,0.5,0.25,-1,1,-1,-1,1,1,1,1,0.8,0.6,0.6,0.2,0.2,0.6,0.043010752688172046,0.35,0.4,0.45
214,1,1,0.14285714285714285,1,-1,1,1.0,0.75,0.25,0.5,0.0,-1,1,-1,1,1,1,1,-1,0.8,0.6,1.0,0.2,1.0,0.4,0.021505376344086023,0.7,0.7,0.75
457,-1,-1,0.2857142857142857,-1,1,1,0.25,0.5,0.25,0.25,0.0,-1,1,-1,1,1,1,1,-1,1.0,1.0,1.0,1.0,1.0,0.6,0.043010752688172046,0.5,0.55,0.55
152,1,-1,0.14285714285714285,1,1,1,0.5,0.5,0.5,0.25,0.0,-1,1,-1,1,1,1,1,-1,0.4,0.6,0.6,0.4,0.4,0.4,0.043010752688172046,0.6,0.55,0.55
356,1,1,0.2857142857142857,-1,-1,1,1.0,1.0,0.25,0.25,0.0,-1,-1,-1,1,1,1,1,-1,0.8,0.8,0.8,0.2,0.2,1.0,0.021505376344086023,0.75,0.8,0.85
46,1,1,0.14285714285714285,1,1,-1,0.75,0.75,0.25,0.5,0.0,-1,1,-1,-1,1,1,1,-1,0.4,0.6,1.0,0.2,0.8,0.6,0.06451612903225806,0.65,0.6,0.65
627,-1,-1,0.42857142857142855,-1,1,1,0.25,0.5,0.75,0.25,0.0,-1,1,-1,1,1,-1,1,1,0.8,0.6,0.6,0.4,0.6,0.6,0.03225806451612903,0.45,0.5,0.5
340,1,-1,0.2857142857142857,1,-1,1,0.75,0.75,0.25,0.25,0.0,-1,1,-1,-1,1,1,1,-1,0.8,0.8,0.6,0.2,0.6,1.0,0.0,0.7,0.75,0.75
8,1,-1,0.0,1,1,-1,0.75,0.5,0.25,0.5,0.0,-1,1,-1,-1,1,1,1,-1,0.8,0.4,0.4,0.2,0.2,0.2,0.0,0.75,0.8,0.85
594,-1,1,0.42857142857142855,1,-1,1,1.0,1.0,0.5,0.5,0.0,-1,-1,-1,1,-1,1,1,-1,0.8,0.6,1.0,0.2,0.4,0.2,0.0,0.9,0.9,0.9
537,-1,-1,0.0,1,1,-1,0.5,0.25,0.25,0.25,0.0,-1,-1,-1,1,1,1,1,-1,0.8,0.6,0.6,0.2,0.4,1.0,0.11827956989247312,0.6,0.65,0.6
460,-1,1,0.0,-1,-1,1,0.25,0.25,0.5,0.5,0.0,-1,1,-1,1,1,1,1,-1,0.8,0.6,0.6,0.2,0.2,0.4,0.010752688172043012,0.55,0.5,0.55
73,1,-1,0.14285714285714285,1,-1,1,0.75,0.25,0.25,0.25,0.0,-1,-1,-1,1,1,1,-1,-1,1.0,0.6,0.4,0.4,0.4,1.0,0.0,0.65,0.65,0.7
610,-1,1,0.5714285714285714,-1,-1,-1,0.25,0.25,0.5,0.5,0.75,-1,1,-1,1,1,-1,-1,1,0.6,1.0,0.8,0.2,0.8,0.2,0.0,0.4,0.0,0.0
164,1,-1,0.14285714285714285,1,1,1,0.5,0.25,0.25,0.25,0.25,-1,-1,-1,1,1,1,-1,1,0.8,0.8,0.8,0.6,1.0,1.0,0.06451612903225806,0.45,0.5,0.5
167,1,1,0.2857142857142857,1,-1,1,1.0,1.0,0.25,0.25,0.0,1,1,-1,-1,1,1,-1,1,0.8,0.4,0.2,0.2,0.2,0.8,0.0,0.65,0.65,0.65
45,1,1,0.0,1,1,-1,1.0,0.75,0.25,0.5,0.0,1,1,1,1,1,1,1,1,1.0,0.4,0.4,0.2,0.2,1.0,0.043010752688172046,0.5,0.55,0.55
200,1,-1,0.14285714285714285,1,-1,1,0.25,0.5,0.25,0.25,0.0,-1,1,-1,1,1,1,1,1,0.6,0.6,0.6,0.2,0.4,0.6,0.0,0.5,0.45,0.55
583,-1,1,0.42857142857142855,-1,-1,1,0.5,0.5,0.5,0.25,0.25,-1,-1,-1,-1,1,-1,1,1,1.0,1.0,1.0,0.2,0.2,0.6,0.0,0.4,0.3,0.0
491,-1,1,0.5714285714285714,1,-1,1,0.25,0.25,0.5,0.5,0.25,-1,1,-1,-1,1,1,1,1,0.2,0.2,0.8,0.8,0.2,0.2,0.12903225806451613,0.35,0.4,0.45
146,1,-1,0.14285714285714285,1,1,1,0.25,0.25,0.25,0.5,0.5,-1,-1,-1,-1,1,1,-1,1,0.8,0.8,0.8,0.2,0.6,1.0,0.0,0.5,0.5,0.5
629,-1,1,0.2857142857142857,-1,-1,1,0.25,0.5,0.25,0.25,0.0,-1,-1,-1,1,1,1,1,-1,0.6,1.0,1.0,0.2,0.6,0.2,0.043010752688172046,0.35,0.4,0.45
346,1,-1,0.2857142857142857,1,1,1,1.0,1.0,0.5,0.25,0.0,-1,-1,-1,-1,1,1,1,-1,0.8,0.2,0.2,0.4,0.4,1.0,0.0,0.6,0.65,0.65
325,1,-1,0.2857142857142857,1,1,-1,1.0,0.25,0.5,0.25,0.0,-1,-1,-1,1,1,1,1,1,0.8,1.0,0.8,0.4,0.8,1.0,0.23655913978494625,0.55,0.55,0.5
467,-1,1,0.14285714285714285,-1,-1,1,0.5,0.5,0.75,0.5,0.0,-1,1,-1,1,1,1,1,-1,1.0,0.6,0.8,0.2,0.2,0.4,0.010752688172043012,0.7,0.65,0.7
59,1,1,0.14285714285714285,1,-1,1,1.0,0.5,0.25,0.5,0.0,-1,1,1,-1,1,1,1,-1,0.8,0.4,0.6,0.2,0.2,1.0,0.021505376344086023,0.8,0.75,0.8
377,1,-1,0.42857142857142855,1,-1,1,1.0,1.0,0.25,0.75,0.0,-1,-1,-1,1,1,1,1,-1,0.8,0.6,0.6,0.4,0.4,0.6,0.0,0.65,0.7,0.65
315,1,1,0.42857142857142855,1,-1,1,0.5,0.25,0.25,0.5,0.0,-1,1,-1,-1,1,1,1,1,0.8,0.4,1.0,0.2,0.4,0.2,0.08602150537634409,0.7,0.7,0.75
241,1,-1,0.2857142857142857,1,1,1,0.5,0.75,0.25,0.5,0.0,-1,1,-1,-1,-1,1,1,-1,1.0,0.6,0.6,0.2,0.6,0.6,0.0,0.5,0.55,0.55
585,-1,1,0.2857142857142857,-1,1,-1,0.75,0.25,0.5,0.75,0.0,-1,1,1,-1,1,-1,-1,-1,0.8,0.4,0.6,0.4,0.4,0.6,0.053763440860215055,0.4,0.35,0.4
233,1,1,0.2857142857142857,1,-1,1,0.5,0.5,0.25,0.75,0.0,-1,1,-1,1,1,1,1,-1,0.8,0.6,0.6,0.2,0.2,0.8,0.0,0.6,0.6,0.65
145,1,1,0.14285714285714285,1,-1,-1,0.75,0.75,0.5,0.25,0.0,-1,1,-1,1,-1,1,1,1,0.8,0.6,0.4,0.2,0.2,1.0,0.043010752688172046,0.45,0.45,0.5
219,1,1,0.2857142857142857,1,-1,1,0.75,1.0,0.25,0.75,0.25,-1,1,1,-1,1,1,1,1,0.8,0.8,0.6,0.6,0.8,1.0,0.15053763440860216,0.4,0.45,0.4
278,1,-1,0.2857142857142857,1,-1,1,0.5,0.75,0.5,0.25,0.0,-1,-1,-1,-1,1,1,1,-1,1.0,0.4,0.4,0.2,0.2,0.4,0.021505376344086023,0.45,0.6,0.65
301,1,-1,0.42857142857142855,1,-1,1,1.0,0.75,0.25,0.5,0.0,-1,1,-1,-1,-1,1,1,-1,0.8,0.6,0.4,0.2,0.2,0.6,0.021505376344086023,0.5,0.5,0.55
489,-1,-1,0.42857142857142855,-1,-1,1,0.25,0.25,0.5,0.25,0.25,-1,-1,-1,1,1,-1,1,-1,0.8,0.8,0.6,0.6,0.8,0.8,0.0,0.4,0.45,0.5
524,-1,1,0.14285714285714285,-1,1,1,0.75,1.0,0.75,0.5,0.0,-1,1,-1,-1,-1,1,-1,-1,0.8,0.4,0.2,0.2,0.2,0.4,0.021505376344086023,0.35,0.45,0.4
138,1,-1,0.0,-1,-1,1,0.75,1.0,1.0,0.5,0.0,-1,1,-1,-1,1,1,-1,1,1.0,0.6,0.6,0.2,0.2,1.0,0.021505376344086023,0.6,0.55,0.55
370,1,1,0.5714285714285714,1,1,-1,0.25,0.25,0.75,0.5,0.5,-1,1,-1,-1,-1,1,1,1,1.0,0.6,0.8,0.2,0.2,0.8,0.021505376344086023,0.4,0.4,0.45
123,1,-1,0.14285714285714285,1,-1,1,1.0,1.0,0.25,0.25,0.0,-1,1,-1,1,1,1,1,-1,0.6,0.8,0.8,0.2,0.8,1.0,0.043010752688172046,0.6,0.65,0.65
284,1,-1,0.42857142857142855,1,-1,1,0.5,0.25,0.25,0.25,0.5,-1,-1,-1,-1,-1,-1,1,-1,0.6,0.4,1.0,0.4,1.0,1.0,0.043010752688172046,0.35,0.4,0.3
400,1,-1,0.42857142857142855,-1,-1,1,1.0,0.75,0.25,0.75,0.0,-1,-1,-1,-1,1,1,1,1,1.0,0.6,0.4,0.2,0.4,0.8,0.043010752688172046,0.75,0.7,0.85
15,1,1,0.14285714285714285,1,-1,1,1.0,1.0,0.25,0.25,0.0,-1,1,-1,-1,1,1,1,-1,0.8,0.8,0.8,0.2,0.4,0.4,0.06451612903225806,0.85,0.85,0.85
584,-1,1,0.2857142857142857,-1,-1,1,0.0,0.0,0.5,0.25,0.0,-1,1,-1,-1,1,1,1,-1,0.8,0.8,0.6,0.2,0.2,1.0,0.0,0.5,0.55,0.55
60,1,1,0.14285714285714285,-1,-1,1,1.0,1.0,0.25,0.5,0.0,-1,1,-1,1,1,1,-1,-1,0.4,0.8,0.8,0.4,0.6,0.8,0.0,0.85,0.8,0.8
579,-1,-1,0.42857142857142855,1,1,1,0.25,0.75,0.25,0.25,0.0,-1,-1,-1,-1,1,-1,1,1,0.8,0.6,0.6,0.4,0.6,0.6,0.0,0.45,0.5,0.45
612,-1,-1,0.2857142857142857,-1,-1,1,1.0,0.75,0.5,0.5,0.25,-1,1,1,1,-1,1,1,1,0.8,1.0,1.0,0.2,0.6,0.4,0.043010752688172046,0.5,0.55,0.55
155,1,-1,0.2857142857142857,1,-1,1,0.5,0.25,0.25,0.25,0.0,-1,1,-1,-1,1,1,1,-1,1.0,0.8,1.0,0.2,0.4,1.0,0.23655913978494625,0.45,0.35,0.3
332,1,1,0.42857142857142855,1,-1,1,0.5,0.5,0.25,0.75,0.0,-1,1,-1,-1,1,1,1,-1,0.8,0.6,0.6,0.2,0.4,0.4,0.0,0.9,0.9,0.9
382,1,1,0.2857142857142857,1,-1,1,0.75,0.75,0.25,0.25,0.0,-1,1,1,1,1,1,1,-1,0.8,0.4,1.0,0.4,1.0,1.0,0.021505376344086023,0.55,0.6,0.55
574,-1,-1,0.7142857142857143,-1,-1,1,0.25,0.25,0.5,0.25,0.25,-1,1,-1,-1,1,-1,1,1,0.8,0.8,0.6,0.4,0.8,0.8,0.12903225806451613,0.4,0.55,0.5
247,1,-1,0.14285714285714285,1,-1,1,1.0,1.0,0.25,0.5,0.0,-1,1,-1,1,1,1,1,-1,0.8,0.4,0.8,0.4,0.8,0.2,0.0,0.65,0.65,0.7
272,1,-1,0.2857142857142857,-1,-1,1,0.25,0.25,0.5,0.75,0.0,-1,-1,-1,-1,-1,1,1,1,0.8,0.6,0.6,0.2,0.2,0.2,0.021505376344086023,0.65,0.7,0.75
511,-1,1,0.2857142857142857,1,-1,-1,0.25,0.0,0.5,0.5,0.0,-1,-1,-1,-1,1,1,1,1,0.8,0.8,1.0,0.2,0.2,0.8,0.010752688172043012,0.55,0.45,0.5
478,-1,1,0.14285714285714285,-1,-1,1,0.25,0.25,0.5,0.5,0.75,1,1,-1,-1,1,1,-1,-1,0.6,0.8,0.6,0.2,0.2,0.2,0.0,0.35,0.35,0.4
160,1,1,0.0,1,-1,1,0.25,0.5,0.25,0.5,0.0,-1,-1,-1,-1,-1,1,-1,1,0.4,0.6,0.8,0.4,0.8,0.2,0.06451612903225806,0.55,0.55,0.55
320,1,1,0.42857142857142855,1,-1,1,1.0,1.0,0.25,0.5,0.25,1,1,-1,1,1,1,1,1,0.4,0.8,0.8,0.2,0.2,0.8,0.021505376344086023,0.7,0.6,0.65
515,-1,1,0.42857142857142855,1,1,1,0.25,0.25,0.5,0.5,0.0,1,-1,-1,-1,1,1,-1,-1,0.4,0.6,1.0,0.2,0.8,0.6,0.08602150537634409,0.45,0.4,0.5
615,-1,1,0.2857142857142857,1,1,-1,0.75,0.5,0.5,0.5,0.0,-1,-1,-1,-1,1,1,-1,1,0.2,0.4,0.6,0.2,0.4,1.0,0.0,0.75,0.7,0.75
648,-1,-1,0.42857142857142855,-1,1,1,0.75,0.5,0.75,0.25,0.0,-1,-1,-1,-1,-1,1,1,-1,0.8,0.8,0.2,0.6,0.8,1.0,0.043010752688172046,0.5,0.55,0.55
141,1,1,0.14285714285714285,-1,-1,1,0.25,0.25,1.0,0.5,0.0,-1,1,-1,-1,1,1,-1,-1,1.0,0.2,0.6,0.2,0.2,0.6,0.0,0.7,0.65,0.65
500,-1,-1,0.2857142857142857,1,-1,1,0.25,0.5,0.25,0.25,0.25,-1,1,-1,1,1,-1,1,1,1.0,0.6,1.0,1.0,1.0,0.2,0.12903225806451613,0.3,0.35,0.35
103,1,1,0.0,1,-1,1,0.75,0.5,0.5,0.5,0.0,1,1,-1,-1,1,1,1,-1,0.8,0.6,1.0,0.2,0.2,0.4,0.17204301075268819,0.55,0.5,0.5
40,1,1,0.14285714285714285,1,1,1,0.5,0.5,0.5,0.5,0.0,-1,1,-1,1,-1,1,1,1,0.6,0.6,0.6,0.2,0.4,0.6,0.17204301075268819,0.55,0.55,0.5
124,1,1,0.14285714285714285,1,-1,1,0.5,0.5,0.25,0.5,0.0,-1,-1,-1,-1,1,1,1,1,1.0,0.8,0.8,0.2,0.2,1.0,0.0,0.6,0.55,0.55
427,-1,1,0.14285714285714285,-1,-1,1,0.5,0.75,0.5,0.5,0.0,-1,-1,-1,-1,1,1,-1,-1,0.8,1.0,0.4,0.2,0.4,1.0,0.0,0.8,0.85,0.85
210,1,-1,0.2857142857142857,1,-1,1,1.0,1.0,0.25,0.25,0.0,-1,-1,-1,-1,1,1,1,-1,1.0,0.4,0.6,0.2,0.4,1.0,0.043010752688172046,0.65,0.65,0.7
184,1,-1,0.14285714285714285,1,-1,1,0.75,1.0,0.75,0.25,0.25,-1,1,-1,1,-1,1,1,-1,0.6,0.8,1.0,0.4,0.8,0.4,0.043010752688172046,0.45,0.45,0.5
440,-1,-1,0.14285714285714285,1,-1,1,0.25,0.25,0.5,0.5,0.0,-1,1,-1,1,1,1,-1,1,1.0,0.8,1.0,0.8,1.0,0.6,0.0,0.35,0.0,0.0
211,1,-1,0.14285714285714285,-1,1,1,0.75,0.75,0.75,0.25,0.0,-1,1,-1,1,1,1,1,-1,0.6,0.6,0.8,0.6,1.0,0.6,0.17204301075268819,0.5,0.55,0.6
404,1,1,0.2857142857142857,1,-1,1,0.5,0.25,0.25,0.5,0.0,-1,1,-1,1,1,1,1,-1,0.8,0.6,1.0,0.4,0.8,0.8,0.043010752688172046,0.6,0.8,0.8
98,1,1,0.14285714285714285,1,-1,1,1.0,1.0,0.25,0.25,0.0,-1,-1,-1,1,-1,1,1,-1,1.0,0.6,0.8,0.2,0.4,0.2,0.043010752688172046,0.6,0.65,0.65
528,-1,1,0.2857142857142857,-1,-1,1,0.5,0.5,0.25,0.25,0.0,-1,1,1,-1,1,1,1,-1,1.0,0.2,0.6,0.2,0.4,1.0,0.053763440860215055,0.45,0.45,0.45
288,1,1,0.42857142857142855,1,1,-1,0.5,0.25,0.25,0.5,0.0,-1,1,-1,-1,-1,1,1,1,0.8,0.6,0.8,0.2,0.6,1.0,0.021505376344086023,0.6,0.6,0.65
113,1,-1,0.0,1,1,1,1.0,0.5,0.25,0.25,0.0,-1,-1,-1,-1,1,1,1,-1,0.6,1.0,0.4,0.2,0.2,0.6,0.10752688172043011,0.9,0.85,0.9
244,1,1,0.2857142857142857,1,1,1,1.0,0.75,0.25,0.5,0.0,-1,-1,-1,1,1,1,1,1,0.6,0.4,0.6,0.2,0.4,0.6,0.0,0.7,0.6,0.6
82,1,1,0.0,1,1,1,0.75,0.5,0.25,0.5,0.0,-1,1,-1,-1,1,1,1,-1,0.8,0.8,0.8,0.2,0.2,1.0,0.043010752688172046,0.6,0.55,0.55
393,1,1,0.42857142857142855,1,1,1,0.75,0.75,0.25,1.0,0.0,-1,1,-1,-1,1,1,1,-1,1.0,0.6,0.6,0.2,0.2,0.2,0.043010752688172046,0.7,0.7,0.75
207,1,-1,0.14285714285714285,-1,-1,1,0.75,0.75,0.25,0.25,0.0,-1,1,-1,1,1,1,1,-1,0.8,0.6,0.4,0.6,0.8,1.0,0.0,0.55,0.5,0.5
235,1,1,0.2857142857142857,1,-1,1,0.25,0.25,0.25,0.75,0.0,-1,1,-1,1,1,1,-1,1,0.8,0.6,0.8,0.2,0.2,1.0,0.12903225806451613,0.6,0.6,0.6
506,-1,1,0.7142857142857143,1,-1,1,0.75,0.75,0.5,0.5,0.25,-1,-1,-1,1,1,1,1,1,0.6,0.6,0.8,0.4,0.8,0.6,0.08602150537634409,0.55,0.45,0.5
18,1,-1,0.2857142857142857,1,-1,1,0.75,0.5,0.25,0.25,0.75,-1,1,1,1,1,1,1,-1,1.0,1.0,1.0,0.4,0.8,1.0,0.021505376344086023,0.4,0.4,0.35
206,1,-1,0.2857142857142857,1,-1,1,0.25,0.5,0.5,0.5,0.0,-1,-1,-1,1,-1,1,1,-1,0.8,0.8,0.8,0.8,1.0,1.0,0.17204301075268819,0.5,0.55,0.6
387,1,-1,0.42857142857142855,1,-1,1,0.5,0.5,0.25,0.25,0.0,-1,-1,-1,-1,-1,1,1,-1,1.0,0.8,0.4,0.2,0.4,1.0,0.06451612903225806,0.75,0.7,0.75
426,-1,1,0.0,-1,-1,1,0.75,0.75,0.5,0.25,0.0,-1,1,-1,-1,1,1,1,-1,1.0,0.8,0.8,0.4,0.6,1.0,0.043010752688172046,0.5,0.5,0.55
552,-1,-1,0.5714285714285714,1,-1,1,0.25,0.25,0.25,0.5,0.5,-1,1,-1,1,1,-1,1,-1,0.8,0.8,0.6,0.6,0.8,0.8,0.021505376344086023,0.45,0.45,0.5
302,1,-1,0.42857142857142855,-1,-1,1,0.75,0.5,0.25,0.75,0.0,-1,-1,-1,1,-1,1,-1,-1,1.0,0.6,0.4,0.2,0.2,0.6,0.021505376344086023,0.5,0.55,0.6
459,-1,1,0.14285714285714285,-1,-1,1,0.25,0.25,1.0,0.75,0.0,1,1,-1,-1,1,1,-1,-1,0.8,0.8,0.6,0.2,0.2,1.0,0.021505376344086023,0.5,0.45,0.5
188,1,1,0.14285714285714285,1,1,1,0.75,0.75,0.5,0.5,0.0,-1,1,-1,1,1,1,1,-1,0.8,0.8,1.0,0.2,0.2,0.8,0.0,0.7,0.7,0.75
455,-1,1,0.0,1,-1,1,0.5,0.25,0.25,0.5,0.0,1,1,-1,-1,-1,1,1,-1,0.8,0.8,0.4,0.6,0.6,0.4,0.0,0.45,0.5,0.45
476,-1,1,0.14285714285714285,-1,1,1,0.5,0.25,0.25,0.25,0.0,-1,1,-1,-1,1,1,1,1,1.0,0.8,0.6,0.2,0.2,1.0,0.021505376344086023,0.5,0.4,0.4
252,1,1,0.14285714285714285,1,-1,-1,1.0,0.25,0.25,0.5,0.0,-1,-1,-1,1,1,1,1,1,1.0,0.6,0.6,0.2,0.4,1.0,0.0,0.7,0.65,0.65
465,-1,1,0.42857142857142855,1,-1,1,0.25,0.5,0.25,0.5,0.25,-1,1,-1,1,1,1,1,1,0.6,0.8,0.8,0.4,0.6,1.0,0.0967741935483871,0.45,0.4,0.4
360,1,1,0.42857142857142855,1,-1,1,0.75,0.75,0.25,0.5,0.0,-1,1,-1,-1,1,1,1,-1,0.8,0.2,0.8,0.2,0.2,0.6,0.08602150537634409,0.55,0.6,0.7
381,1,1,0.2857142857142857,1,-1,1,1.0,1.0,0.5,0.75,0.0,-1,1,-1,-1,-1,1,1,1,0.8,0.6,0.6,0.2,0.4,0.8,0.043010752688172046,0.75,0.7,0.75
611,-1,1,0.42857142857142855,-1,-1,1,0.5,0.5,0.5,0.75,0.0,-1,-1,-1,-1,1,1,1,1,0.8,0.4,0.2,0.2,0.2,0.8,0.053763440860215055,0.7,0.7,0.75
425,-1,1,0.0,-1,-1,1,0.25,0.25,0.25,0.25,0.25,-1,1,-1,-1,1,1,-1,1,0.8,0.2,0.6,0.2,0.2,0.4,0.06451612903225806,0.5,0.5,0.5
173,1,-1,0.14285714285714285,1,1,1,0.25,0.5,0.5,0.25,0.5,-1,-1,-1,-1,-1,1,1,-1,0.8,0.8,1.0,0.6,1.0,1.0,0.0,0.45,0.4,0.5
181,1,1,0.14285714285714285,1,-1,1,1.0,0.5,0.25,0.5,0.0,-1,-1,-1,-1,1,1,1,1,0.8,0.4,0.6,0.2,0.2,0.6,0.0,0.85,0.85,0.9
395,1,-1,0.42857142857142855,1,-1,1,1.0,1.0,0.25,0.5,0.0,-1,1,-1,1,1,1,1,-1,0.8,0.6,0.6,0.4,0.4,0.4,0.0,0.6,0.6,0.65
177,1,-1,0.14285714285714285,1,-1,1,0.25,0.75,0.25,0.25,0.25,-1,-1,-1,-1,1,-1,1,-1,1.0,0.6,0.6,0.2,0.8,0.4,0.021505376344086023,0.45,0.4,0.4
246,1,-1,0.2857142857142857,1,-1,1,1.0,1.0,0.25,0.5,0.0,1,1,-1,1,1,1,1,1,0.8,1.0,1.0,0.2,0.6,0.4,0.0,0.65,0.65,0.65
631,-1,1,0.42857142857142855,-1,-1,1,0.25,0.25,1.0,0.75,0.0,-1,-1,-1,-1,1,1,1,-1,0.8,0.6,0.4,0.2,0.4,0.8,0.043010752688172046,0.5,0.55,0.6
153,1,1,0.0,1,-1,1,1.0,1.0,0.25,0.75,0.0,-1,1,-1,1,1,1,1,-1,0.8,0.4,0.4,0.2,0.2,1.0,0.021505376344086023,0.65,0.65,0.65
375,1,1,0.2857142857142857,1,1,1,0.0,0.5,0.5,0.75,0.0,-1,-1,-1,-1,1,1,1,-1,0.6,0.6,0.6,0.4,0.6,0.4,0.0,0.7,0.7,0.75
292,1,1,0.2857142857142857,-1,-1,1,1.0,0.5,0.25,0.75,0.0,-1,1,-1,1,1,1,1,-1,0.8,0.6,0.8,0.2,0.6,1.0,0.021505376344086023,0.55,0.6,0.7
224,1,1,0.5714285714285714,1,-1,1,0.75,0.75,0.25,1.0,0.0,-1,1,-1,1,1,1,1,-1,0.8,0.6,0.6,0.2,0.4,0.6,0.043010752688172046,0.6,0.6,0.6
242,1,-1,0.42857142857142855,1,1,1,0.5,0.25,1.0,0.5,0.0,1,1,-1,1,1,1,1,1,0.8,0.6,0.4,0.8,1.0,0.6,0.021505376344086023,0.45,0.5,0.55
7,1,1,0.2857142857142857,1,-1,-1,1.0,1.0,0.5,0.5,0.0,1,1,-1,-1,1,1,-1,-1,0.8,0.2,0.8,0.2,0.2,0.2,0.021505376344086023,0.5,0.65,0.65
363,1,1,0.42857142857142855,1,-1,1,0.75,1.0,0.25,0.25,0.0,-1,1,-1,1,1,1,1,1,1.0,0.8,0.8,0.2,0.2,0.2,0.043010752688172046,0.55,0.6,0.7
638,-1,-1,0.2857142857142857,1,-1,1,0.5,0.75,0.5,0.5,0.0,-1,-1,-1,1,1,1,1,-1,0.8,0.8,0.6,0.2,0.2,0.6,0.043010752688172046,0.7,0.75,0.8
215,1,1,0.14285714285714285,1,-1,1,0.5,0.75,0.25,0.5,0.0,1,1,-1,1,1,1,-1,-1,0.8,0.8,0.6,0.2,0.6,0.8,0.043010752688172046,0.55,0.6,0.6
100,1,-1,0.14285714285714285,1,-1,1,1.0,1.0,0.25,0.25,0.0,1,1,-1,1,1,1,1,-1,0.8,1.0,1.0,1.0,1.0,0.8,0.12903225806451613,0.45,0.45,0.4
35,1,1,0.0,1,-1,1,0.5,0.75,0.5,0.25,0.0,-1,1,-1,1,1,1,-1,-1,0.6,1.0,0.2,0.2,0.2,1.0,0.043010752688172046,0.55,0.55,0.55
84,1,1,0.0,1,-1,1,0.25,0.25,0.25,0.5,0.0,-1,1,-1,1,-1,1,1,-1,0.8,0.6,0.4,0.4,0.6,0.8,0.021505376344086023,0.65,0.6,0.6
539,-1,1,0.14285714285714285,1,1,1,1.0,0.25,0.5,0.5,0.0,-1,1,-1,1,1,1,1,-1,0.2,0.4,0.8,0.4,0.4,0.2,0.08602150537634409,0.45,0.5,0.5
428,-1,1,0.0,-1,1,1,0.5,0.25,0.5,0.25,0.0,-1,-1,-1,-1,1,-1,-1,-1,0.2,0.6,0.8,0.2,0.2,0.2,0.0,0.3,0.4,0.45
251,1,1,0.14285714285714285,1,-1,1,0.5,0.25,0.25,0.25,0.0,-1,-1,-1,-1,1,1,1,1,0.8,1.0,0.4,0.2,0.2,1.0,0.043010752688172046,0.45,0.5,0.5
521,-1,1,0.14285714285714285,-1,-1,1,0.5,0.75,0.5,0.5,0.0,-1,1,-1,1,1,1,1,-1,0.6,0.6,0.6,0.2,0.2,0.4,0.0,0.4,0.5,0.5
401,1,-1,0.42857142857142855,1,-1,1,1.0,0.75,0.25,0.75,0.0,-1,1,-1,-1,1,1,1,1,1.0,0.8,1.0,0.4,0.6,1.0,0.0,0.7,0.65,0.7
379,1,-1,0.2857142857142857,-1,-1,1,0.5,0.5,1.0,0.25,0.0,-1,1,-1,-1,1,1,1,-1,0.8,0.8,1.0,1.0,1.0,0.8,0.021505376344086023,0.55,0.5,0.5
39,1,1,0.0,-1,-1,1,0.5,0.5,0.25,0.25,0.0,1,1,-1,1,1,1,-1,-1,0.8,0.6,0.2,0.2,0.2,0.4,0.08602150537634409,0.7,0.65,0.6
596,-1,1,0.2857142857142857,1,-1,1,1.0,0.5,0.5,0.5,0.0,-1,1,-1,-1,1,1,1,-1,0.8,0.6,0.6,0.2,0.4,0.8,0.0,0.85,0.9,0.9
361,1,-1,0.5714285714285714,1,-1,1,1.0,0.5,0.5,0.5,0.0,-1,1,-1,1,1,1,1,1,1.0,0.8,0.8,0.2,0.2,0.2,0.0967741935483871,0.55,0.5,0.5
139,1,1,0.0,1,-1,1,1.0,1.0,0.25,0.75,0.0,-1,1,-1,1,1,1,1,1,0.8,0.6,0.6,0.2,0.2,1.0,0.043010752688172046,0.65,0.7,0.75
239,1,1,0.42857142857142855,-1,-1,1,0.75,0.25,0.25,0.5,0.0,-1,-1,-1,1,1,1,1,1,1.0,0.6,0.6,0.2,0.2,0.8,0.043010752688172046,0.4,0.4,0.4
213,1,1,0.14285714285714285,1,1,1,1.0,1.0,0.25,0.5,0.0,-1,1,-1,-1,1,1,1,-1,0.8,1.0,0.4,0.2,0.4,0.6,0.0,0.55,0.5,0.55
248,1,-1,0.14285714285714285,1,1,1,0.25,0.25,0.5,0.5,0.0,-1,1,-1,-1,1,1,1,-1,0.6,0.8,0.4,0.2,0.2,1.0,0.021505376344086023,0.45,0.45,0.45
572,-1,1,0.14285714285714285,1,-1,-1,0.75,0.5,0.5,0.5,0.5,-1,1,-1,1,1,1,-1,1,0.4,1.0,1.0,0.2,0.2,0.2,0.08602150537634409,0.25,0.25,0.35
434,-1,1,0.14285714285714285,1,1,-1,0.5,0.5,0.5,1.0,0.0,-1,-1,-1,1,-1,-1,-1,1,0.2,0.4,0.2,0.2,0.2,0.2,0.043010752688172046,0.5,0.45,0.55
327,1,1,0.42857142857142855,-1,1,1,0.25,0.25,0.5,1.0,0.0,-1,1,-1,1,1,1,-1,-1,1.0,0.4,0.4,0.2,0.2,0.6,0.021505376344086023,0.85,0.85,0.9
448,-1,1,0.14285714285714285,-1,-1,1,1.0,1.0,0.5,0.75,0.0,-1,-1,-1,1,1,1,1,1,0.8,0.4,0.4,0.2,0.2,0.8,0.06451612903225806,0.8,0.8,0.85
298,1,1,0.2857142857142857,1,1,1,0.5,0.5,0.25,1.0,0.0,-1,-1,-1,1,1,1,1,1,0.6,0.8,0.2,0.2,0.2,0.4,0.021505376344086023,0.5,0.55,0.6
433,-1,1,0.0,-1,-1,1,1.0,1.0,0.5,0.25,0.0,-1,-1,-1,-1,1,1,1,1,0.2,1.0,0.2,0.6,1.0,1.0,0.0,0.65,0.7,0.7
451,-1,-1,0.14285714285714285,-1,-1,1,0.25,0.5,0.5,0.5,0.0,-1,-1,-1,-1,1,1,-1,-1,0.8,0.6,0.6,0.2,0.2,1.0,0.0,0.5,0.55,0.55
162,1,-1,0.0,1,1,-1,0.5,0.25,1.0,0.25,0.0,-1,-1,-1,-1,1,1,1,-1,0.8,1.0,1.0,0.4,1.0,1.0,0.0,0.6,0.55,0.55
299,1,1,0.7142857142857143,-1,-1,1,0.5,0.25,0.5,0.5,0.0,-1,1,1,1,1,-1,1,1,0.2,0.4,0.6,0.2,0.4,0.4,0.08602150537634409,0.5,0.6,0.6
420,1,1,0.42857142857142855,1,1,-1,0.5,0.5,0.5,0.5,0.0,-1,1,-1,-1,1,1,1,-1,0.8,0.2,0.8,0.2,0.6,0.8,0.10752688172043011,0.7,0.85,0.85
85,1,1,0.0,1,-1,1,1.0,1.0,0.5,0.5,0.0,-1,-1,-1,-1,1,1,1,1,0.8,0.8,0.8,0.4,0.6,1.0,0.043010752688172046,0.6,0.55,0.6
149,1,-1,0.0,1,-1,1,1.0,0.75,0.5,1.0,0.0,1,1,-1,-1,1,1,1,-1,0.4,0.4,0.4,0.2,0.2,0.6,0.06451612903225806,0.45,0.55,0.55
495,-1,1,0.14285714285714285,1,-1,1,0.75,0.75,0.25,0.25,0.0,-1,-1,-1,1,1,-1,1,1,0.8,1.0,0.8,0.2,0.2,0.8,0.0,0.7,0.65,0.65
447,-1,-1,0.2857142857142857,-1,-1,1,0.5,0.25,0.75,0.25,0.0,-1,-1,-1,1,1,-1,-1,1,1.0,1.0,1.0,1.0,1.0,0.6,0.08602150537634409,0.4,0.5,0.45
533,-1,1,0.14285714285714285,1,1,1,0.5,0.25,0.25,0.5,0.0,-1,-1,-1,-1,1,1,1,1,0.6,0.4,0.4,0.2,0.2,0.6,0.0,0.7,0.75,0.8
570,-1,-1,0.14285714285714285,-1,-1,1,0.5,0.5,0.5,0.25,0.0,-1,1,-1,1,1,1,1,1,1.0,0.8,0.6,0.4,0.8,0.8,0.06451612903225806,0.35,0.4,0.4
509,-1,1,0.14285714285714285,-1,1,1,0.25,0.25,0.75,0.5,0.0,-1,1,-1,-1,1,1,-1,-1,1.0,0.6,0.4,0.2,0.2,0.2,0.0,0.8,0.85,0.9
263,1,-1,0.42857142857142855,1,-1,1,0.5,0.5,0.25,0.5,0.0,-1,-1,-1,-1,1,-1,1,-1,1.0,1.0,0.8,0.6,1.0,0.4,0.17204301075268819,0.4,0.35,0.4
283,1,-1,0.14285714285714285,1,-1,1,0.75,0.75,0.75,0.5,0.25,1,1,-1,-1,-1,1,1,-1,1.0,0.6,0.6,0.2,0.6,0.4,0.043010752688172046,0.45,0.55,0.5
34,1,-1,0.14285714285714285,1,-1,1,0.75,0.5,0.25,0.25,0.0,-1,1,-1,-1,-1,1,1,-1,1.0,0.8,0.6,0.2,0.2,1.0,0.043010752688172046,0.6,0.6,0.6
216,1,1,0.2857142857142857,1,-1,1,0.25,0.25,0.25,0.5,0.0,-1,1,-1,-1,-1,1,-1,-1,0.8,0.8,0.8,0.2,0.6,0.2,0.0,0.7,0.75,0.75
642,-1,1,0.2857142857142857,1,-1,1,1.0,0.75,0.5,0.5,0.0,-1,-1,-1,-1,1,1,1,-1,1.0,1.0,0.8,0.2,0.2,0.2,0.0,0.3,0.45,0.55
196,1,1,0.2857142857142857,1,-1,1,0.5,1.0,0.25,0.5,0.0,-1,1,-1,1,1,1,-1,-1,1.0,0.8,0.4,0.4,0.6,1.0,0.0,0.85,0.9,0.85
157,1,1,0.0,1,1,-1,0.5,0.25,0.5,0.25,0.0,-1,1,-1,1,1,-1,1,1,0.8,0.8,0.4,0.2,0.2,1.0,0.0,0.55,0.5,0.5
134,1,1,0.2857142857142857,1,1,1,0.5,0.5,0.25,0.25,0.0,-1,1,-1,-1,1,1,1,1,0.6,0.8,0.8,0.2,0.6,1.0,0.021505376344086023,0.65,0.6,0.6
205,1,1,0.2857142857142857,1,-1,1,0.25,0.25,0.25,0.5,0.0,-1,-1,-1,1,1,1,1,-1,1.0,0.6,0.6,0.2,0.2,0.6,0.0,0.6,0.55,0.6
580,-1,-1,0.5714285714285714,-1,-1,1,0.25,0.25,0.75,0.25,0.25,-1,1,-1,-1,1,1,1,-1,0.8,0.8,0.8,0.6,0.6,1.0,0.043010752688172046,0.4,0.45,0.5
559,-1,-1,0.42857142857142855,-1,-1,1,0.25,0.0,0.75,0.25,0.25,1,1,-1,-1,1,1,-1,-1,0.8,0.6,0.4,0.2,0.2,0.8,0.0,0.6,0.6,0.65
267,1,-1,0.2857142857142857,1,1,1,1.0,0.75,0.5,0.5,0.0,-1,-1,-1,1,1,1,1,1,0.4,1.0,1.0,0.2,0.8,1.0,0.08602150537634409,0.75,0.75,0.75
525,-1,-1,0.2857142857142857,1,1,1,1.0,1.0,0.25,0.75,0.0,-1,1,-1,-1,1,1,1,-1,0.8,0.8,0.6,0.2,0.4,1.0,0.0,0.75,0.7,0.8
392,1,1,0.2857142857142857,1,-1,1,0.75,0.5,0.25,0.5,0.0,-1,1,-1,-1,1,1,1,1,0.8,0.6,0.4,0.4,0.6,0.4,0.0,0.6,0.65,0.75
303,1,1,0.2857142857142857,1,-1,1,0.75,0.75,0.25,0.75,0.0,-1,-1,-1,1,-1,1,-1,-1,0.6,0.4,0.6,0.2,0.2,0.8,0.021505376344086023,0.75,0.6,0.65
163,1,-1,0.42857142857142855,1,1,1,0.25,0.25,0.25,0.25,0.5,-1,-1,-1,-1,1,-1,1,1,0.4,0.6,1.0,0.4,1.0,0.8,0.0,0.55,0.45,0.0
96,1,-1,0.14285714285714285,-1,-1,1,1.0,0.75,0.5,0.25,0.0,1,1,1,1,-1,1,1,-1,0.6,0.6,0.6,0.2,0.2,0.8,0.06451612903225806,0.45,0.55,0.55
591,-1,1,0.42857142857142855,1,-1,1,0.5,0.5,0.5,0.5,0.0,-1,-1,-1,1,-1,1,1,-1,0.8,0.6,1.0,0.2,0.2,0.2,0.021505376344086023,0.6,0.65,0.7
422,1,1,0.42857142857142855,1,-1,1,0.75,0.5,0.25,0.5,0.0,-1,1,-1,1,-1,1,1,1,0.6,0.2,0.4,0.2,0.4,0.2,0.043010752688172046,0.5,0.65,0.65
357,1,1,0.42857142857142855,1,-1,1,1.0,0.75,0.25,0.75,0.0,-1,1,-1,1,1,1,1,1,0.8,0.6,0.8,0.2,0.2,1.0,0.021505376344086023,0.7,0.75,0.85
249,1,-1,0.14285714285714285,1,-1,1,0.75,0.5,0.5,0.75,0.0,-1,-1,-1,1,1,1,1,1,1.0,0.6,0.6,0.2,0.6,0.4,0.0,0.6,0.6,0.6
510,-1,1,0.2857142857142857,-1,-1,1,0.5,0.5,0.5,0.5,0.0,-1,1,-1,1,1,1,-1,-1,1.0,0.6,0.4,0.2,0.2,0.2,0.0,0.75,0.85,0.85
402,1,1,0.2857142857142857,1,-1,1,1.0,0.75,0.25,0.75,0.0,-1,1,-1,1,1,1,1,1,0.8,0.8,0.6,0.2,0.6,0.8,0.0,0.55,0.6,0.65
380,1,1,0.2857142857142857,1,-1,1,1.0,1.0,0.25,0.75,0.0,-1,1,-1,1,1,1,1,-1,1.0,0.8,0.8,0.2,0.6,0.8,0.0,0.65,0.6,0.65
158,1,1,0.0,1,-1,1,0.75,0.5,0.25,0.5,0.25,-1,1,-1,-1,1,1,1,-1,0.6,0.6,0.4,0.2,0.2,0.6,0.021505376344086023,0.55,0.55,0.55
120,1,1,0.0,1,-1,1,0.25,0.5,0.25,0.5,0.0,-1,-1,-1,-1,-1,1,1,-1,0.6,0.4,0.6,0.2,0.4,0.2,0.0,0.7,0.7,0.7
344,1,-1,0.42857142857142855,1,1,1,1.0,1.0,0.25,0.25,0.0,-1,1,-1,-1,1,1,1,1,0.2,0.8,0.4,0.4,0.4,0.2,0.0,0.9,0.9,0.85
567,-1,-1,0.42857142857142855,-1,-1,1,0.75,0.5,0.25,0.25,0.25,-1,-1,-1,-1,1,-1,1,-1,0.4,0.6,0.2,0.4,0.4,1.0,0.0,0.2,0.0,0.0
295,1,-1,0.5714285714285714,1,1,-1,1.0,0.75,0.25,0.5,0.0,-1,1,-1,-1,1,1,1,-1,0.8,0.6,0.2,0.2,0.2,0.2,0.043010752688172046,0.55,0.65,0.7
169,1,-1,0.2857142857142857,-1,1,1,0.25,0.5,0.25,0.25,0.75,-1,-1,-1,-1,1,1,-1,-1,0.4,0.4,0.4,0.6,0.6,1.0,0.15053763440860216,0.45,0.4,0.5
556,-1,-1,0.14285714285714285,-1,1,1,0.25,0.5,0.25,0.25,0.0,-1,-1,-1,-1,1,1,-1,-1,0.8,0.8,0.8,0.4,0.8,1.0,0.043010752688172046,0.45,0.5,0.55
269,1,-1,0.14285714285714285,1,1,1,1.0,0.75,0.25,0.25,0.0,-1,-1,-1,1,-1,1,1,-1,1.0,0.8,1.0,0.2,0.2,0.6,0.07526881720430108,0.7,0.7,0.75
159,1,1,0.0,1,-1,1,0.25,0.5,0.25,0.5,0.0,-1,1,-1,-1,-1,1,1,-1,0.8,0.6,0.4,0.2,0.2,1.0,0.06451612903225806,0.65,0.6,0.65
97,1,1,0.14285714285714285,1,-1,1,0.5,0.25,0.25,0.5,0.0,-1,1,-1,-1,1,1,-1,1,0.8,0.6,1.0,0.2,0.2,1.0,0.0,0.65,0.6,0.6
74,1,1,0.14285714285714285,1,-1,1,0.75,0.75,0.25,0.5,0.0,1,1,-1,1,1,1,1,-1,0.8,0.6,0.6,0.4,0.8,1.0,0.043010752688172046,0.55,0.55,0.55
498,-1,1,0.14285714285714285,1,-1,1,0.5,0.25,0.25,0.5,0.0,-1,1,-1,1,1,1,1,-1,1.0,0.6,0.6,0.2,0.2,0.2,0.0,0.7,0.65,0.7
639,-1,-1,0.5714285714285714,-1,-1,1,0.25,0.25,0.5,0.25,0.25,-1,-1,-1,-1,1,1,-1,-1,0.8,0.6,0.4,0.2,0.6,1.0,0.0,0.25,0.4,0.0
204,1,1,0.14285714285714285,1,-1,1,0.5,0.75,0.25,0.5,0.0,-1,-1,-1,-1,1,1,1,-1,0.8,0.6,0.6,0.2,0.2,0.4,0.06451612903225806,0.6,0.6,0.65
61,1,1,0.14285714285714285,1,-1,1,0.25,0.25,1.0,0.25,0.0,1,1,-1,1,-1,1,1,1,1.0,1.0,1.0,1.0,1.0,1.0,0.0,0.5,0.5,0.8
63,1,1,0.14285714285714285,1,-1,1,1.0,0.75,0.25,0.75,0.0,1,1,-1,1,1,1,1,-1,0.6,0.8,0.8,0.4,0.8,0.8,0.0,0.7,0.65,0.65
458,-1,1,0.14285714285714285,-1,-1,1,0.25,0.25,1.0,1.0,0.0,-1,1,-1,-1,-1,1,1,-1,0.8,0.6,0.4,0.2,0.2,0.2,0.0,0.65,0.5,0.65
12,1,-1,0.0,1,1,1,1.0,1.0,0.25,0.25,0.0,-1,1,-1,1,1,1,1,-1,0.8,0.6,0.6,0.2,0.6,1.0,0.0,0.6,0.65,0.6
548,-1,1,0.2857142857142857,1,-1,-1,0.25,0.25,0.25,0.5,0.0,-1,-1,-1,1,1,1,1,1,0.8,1.0,1.0,0.2,0.4,0.6,0.021505376344086023,0.55,0.5,0.55
187,1,1,0.14285714285714285,1,-1,1,0.25,0.75,0.25,0.5,0.0,-1,-1,-1,1,-1,1,1,1,0.8,0.6,1.0,0.2,0.2,0.6,0.0,0.7,0.65,0.65
482,-1,1,0.0,-1,1,1,0.25,0.25,0.5,0.25,0.0,-1,1,-1,-1,1,-1,-1,1,1.0,0.4,0.2,0.2,0.6,0.8,0.0,0.45,0.5,0.45
201,1,-1,0.14285714285714285,1,1,1,0.5,0.25,0.25,0.5,0.0,-1,-1,-1,1,1,1,1,1,0.8,0.4,0.6,0.2,0.4,1.0,0.0,0.65,0.7,0.8
452,-1,1,0.14285714285714285,-1,-1,1,0.5,0.5,0.75,0.5,0.0,-1,1,-1,-1,1,1,1,-1,0.8,0.8,1.0,0.2,0.2,0.8,0.043010752688172046,0.45,0.5,0.55
58,1,-1,0.0,1,1,1,0.25,0.5,0.25,0.5,0.0,1,1,-1,1,1,1,1,-1,0.8,0.6,0.4,0.2,0.2,1.0,0.0,0.7,0.65,0.7
626,-1,1,0.42857142857142855,-1,-1,1,1.0,1.0,0.75,0.5,0.0,-1,1,-1,-1,-1,1,1,1,0.6,0.4,0.4,0.8,0.4,1.0,0.0,0.35,0.25,0.0
399,1,1,0.42857142857142855,1,-1,1,0.75,0.5,0.25,0.75,0.0,-1,-1,-1,-1,1,1,1,1,1.0,0.8,0.6,0.4,0.6,0.2,0.043010752688172046,0.7,0.8,0.85
212,1,1,0.2857142857142857,1,-1,1,1.0,1.0,0.5,0.25,0.25,-1,1,-1,-1,1,1,1,-1,0.8,0.4,0.8,0.4,0.6,0.4,0.3225806451612903,0.7,0.75,0.8
326,1,-1,0.2857142857142857,1,1,-1,0.75,0.5,0.25,0.25,0.0,-1,-1,-1,-1,1,1,1,-1,0.8,0.8,0.8,0.6,0.8,0.6,0.1935483870967742,0.65,0.65,0.65
271,1,1,0.2857142857142857,1,-1,1,1.0,1.0,0.25,0.5,0.0,-1,1,1,-1,1,1,1,1,1.0,0.6,0.2,0.2,0.8,1.0,0.021505376344086023,0.55,0.55,0.6
640,-1,-1,0.42857142857142855,-1,-1,1,1.0,0.5,0.5,0.25,0.25,-1,-1,1,-1,1,1,-1,-1,1.0,0.8,0.6,0.8,0.6,0.6,0.0,0.35,0.35,0.0
335,1,-1,0.42857142857142855,1,1,-1,1.0,1.0,0.25,0.5,0.0,-1,1,-1,1,1,1,1,-1,1.0,0.8,0.6,0.2,0.2,0.4,0.0,0.85,0.85,0.85
121,1,-1,0.0,1,-1,1,0.5,0.5,0.25,1.0,0.0,-1,1,-1,1,1,1,1,-1,1.0,1.0,0.8,0.2,0.4,1.0,0.06451612903225806,0.7,0.65,0.65
423,-1,1,0.14285714285714285,1,-1,1,0.25,0.75,0.5,0.25,0.0,-1,1,-1,-1,1,-1,1,1,0.8,0.6,0.6,0.2,0.6,1.0,0.11827956989247312,0.5,0.55,0.55
1,1,1,0.2857142857142857,1,-1,1,0.25,0.25,0.25,0.5,0.0,-1,1,-1,-1,-1,1,1,-1,1.0,0.6,0.6,0.2,0.2,0.6,0.021505376344086023,0.45,0.55,0.55
72,1,1,0.0,-1,-1,1,0.25,0.25,0.25,0.5,0.0,1,1,-1,-1,-1,1,1,1,0.6,0.6,0.8,0.4,0.8,1.0,0.021505376344086023,0.65,0.55,0.55
505,-1,1,0.2857142857142857,-1,-1,1,0.25,0.25,0.5,0.25,0.0,-1,1,-1,1,-1,1,1,1,0.8,0.8,1.0,0.2,0.4,1.0,0.0,0.55,0.55,0.55
417,1,1,0.42857142857142855,1,-1,1,0.75,0.5,0.25,0.75,0.0,-1,1,-1,-1,1,1,1,1,0.8,0.6,0.8,0.2,0.4,0.4,0.053763440860215055,0.7,0.85,0.85
203,1,-1,0.2857142857142857,-1,-1,1,0.25,0.5,0.25,0.5,0.0,-1,-1,-1,-1,1,1,-1,-1,0.6,0.2,0.6,0.2,1.0,0.6,0.06451612903225806,0.45,0.45,0.5
484,-1,1,0.14285714285714285,1,1,-1,0.5,0.5,0.25,0.25,0.0,-1,1,-1,-1,1,-1,-1,-1,0.8,0.6,0.8,0.2,0.4,0.2,0.06451612903225806,0.35,0.35,0.4
619,-1,1,0.42857142857142855,1,-1,1,0.75,0.75,0.5,0.5,0.0,-1,1,-1,-1,1,1,1,1,0.8,0.6,0.4,0.2,0.6,0.6,0.06451612903225806,0.65,0.6,0.65
581,-1,1,0.42857142857142855,1,-1,-1,0.25,0.5,0.5,0.5,0.5,-1,1,-1,-1,1,1,-1,-1,0.8,0.6,0.6,0.2,0.2,1.0,0.021505376344086023,0.3,0.4,0.4
29,1,-1,0.14285714285714285,1,-1,1,1.0,1.0,0.25,0.5,0.0,-1,1,1,1,1,1,1,1,0.8,0.8,1.0,1.0,1.0,1.0,0.043010752688172046,0.6,0.55,0.6
492,-1,1,0.14285714285714285,-1,-1,-1,0.5,0.5,0.25,0.5,0.0,-1,-1,-1,-1,-1,1,-1,1,0.6,0.6,0.4,0.2,0.2,0.6,0.021505376344086023,0.4,0.5,0.5
329,1,1,0.2857142857142857,1,-1,1,0.5,0.5,0.25,0.5,0.0,-1,1,-1,-1,-1,1,1,-1,1.0,0.8,1.0,0.2,0.4,1.0,0.12903225806451613,0.6,0.6,0.7
5,1,-1,0.14285714285714285,1,1,1,1.0,0.75,0.25,0.5,0.0,-1,1,-1,1,1,1,1,-1,1.0,0.8,0.4,0.2,0.4,1.0,0.06451612903225806,0.6,0.6,0.65
264,1,1,0.2857142857142857,1,1,-1,0.5,0.5,0.25,0.25,0.25,-1,1,-1,-1,-1,-1,1,-1,0.6,0.2,0.4,0.2,0.2,0.2,0.08602150537634409,0.55,0.45,0.5
490,-1,1,0.42857142857142855,-1,-1,1,0.25,0.25,0.5,0.25,0.25,-1,-1,-1,-1,-1,-1,1,1,0.6,0.4,0.6,0.2,0.2,0.4,0.043010752688172046,0.45,0.55,0.5
75,1,-1,0.0,1,-1,1,1.0,0.75,0.25,0.5,0.0,-1,1,-1,1,1,1,1,-1,0.8,0.6,0.6,0.4,0.6,1.0,0.0,0.55,0.55,0.55
383,1,-1,0.42857142857142855,1,1,1,0.5,0.5,0.25,1.0,0.0,-1,1,1,1,1,1,1,-1,0.8,1.0,1.0,0.4,0.8,1.0,0.0,0.55,0.55,0.6
220,1,1,0.14285714285714285,1,-1,-1,0.75,0.25,0.25,0.5,0.0,-1,1,-1,-1,1,1,1,-1,0.4,0.6,0.6,0.4,0.4,0.8,0.021505376344086023,0.55,0.55,0.6
345,1,1,0.42857142857142855,1,1,-1,1.0,1.0,0.25,0.5,0.0,-1,1,1,-1,1,1,1,1,0.8,0.4,0.8,0.2,0.2,0.8,0.0,0.7,0.75,0.75
480,-1,1,0.5714285714285714,1,-1,1,0.5,0.75,0.25,0.25,0.25,-1,-1,-1,-1,1,-1,1,1,0.8,0.8,0.8,0.2,0.2,0.4,0.0,0.45,0.45,0.5
578,-1,-1,0.2857142857142857,1,-1,1,0.75,0.75,0.5,0.5,0.25,-1,1,-1,-1,1,1,1,-1,0.8,1.0,0.8,0.4,0.6,0.6,0.043010752688172046,0.4,0.45,0.5
209,1,1,0.2857142857142857,1,1,1,0.5,1.0,0.25,0.5,0.0,-1,-1,-1,1,1,1,1,1,0.8,0.6,0.4,0.2,0.2,1.0,0.08602150537634409,0.7,0.75,0.8
444,-1,-1,0.14285714285714285,-1,-1,1,0.75,1.0,0.75,0.5,0.0,-1,-1,-1,-1,-1,1,-1,-1,0.6,0.8,1.0,0.2,0.4,1.0,0.043010752688172046,0.45,0.5,0.55
114,1,-1,0.0,-1,-1,1,0.5,0.25,0.25,0.5,0.0,-1,-1,-1,1,1,1,1,1,1.0,0.8,0.4,0.2,0.2,1.0,0.043010752688172046,0.5,0.45,0.5
485,-1,1,0.2857142857142857,-1,-1,1,0.5,0.5,0.5,0.5,0.0,-1,1,-1,-1,1,1,1,-1,0.8,0.6,1.0,0.2,0.4,0.8,0.0,0.55,0.5,0.55
116,1,-1,0.0,1,-1,1,1.0,1.0,0.5,0.5,0.0,-1,1,-1,1,1,1,-1,-1,0.8,0.8,0.6,0.2,0.2,0.4,0.043010752688172046,0.8,0.75,0.8
488,-1,1,0.5714285714285714,1,-1,1,0.25,0.25,0.25,0.75,0.25,-1,-1,-1,1,1,-1,-1,1,1.0,0.6,0.2,0.2,0.2,0.6,0.06451612903225806,0.35,0.45,0.45
336,1,-1,0.42857142857142855,1,-1,1,1.0,0.5,0.25,0.5,0.0,-1,1,-1,1,1,1,1,1,0.8,0.6,0.4,0.2,0.8,1.0,0.021505376344086023,0.75,0.8,0.8
461,-1,1,0.14285714285714285,-1,-1,1,0.25,0.25,0.5,0.25,0.0,-1,-1,-1,1,1,1,1,1,0.8,0.4,0.4,0.8,0.6,0.4,0.0,0.65,0.6,0.7
176,1,-1,0.0,1,1,1,0.25,0.5,0.5,0.25,0.0,-1,-1,-1,1,1,1,-1,-1,0.8,0.8,0.8,0.4,0.8,1.0,0.021505376344086023,0.4,0.45,0.5
268,1,-1,0.2857142857142857,-1,1,-1,1.0,1.0,0.5,0.5,0.0,-1,1,-1,-1,1,1,1,-1,0.6,0.6,0.6,0.4,0.6,0.8,0.0,0.6,0.6,0.6
625,-1,1,0.42857142857142855,1,-1,1,0.5,0.75,0.5,0.25,0.0,-1,1,-1,-1,1,1,1,1,1.0,0.4,0.6,0.2,0.4,0.8,0.0,0.5,0.5,0.5
373,1,1,0.2857142857142857,-1,1,1,0.5,0.5,0.25,0.75,0.0,-1,1,-1,1,1,1,1,-1,0.6,0.6,0.4,0.4,0.4,0.6,0.0,0.55,0.55,0.5
228,1,1,0.2857142857142857,-1,1,1,1.0,1.0,0.25,0.25,0.0,-1,1,-1,-1,1,1,-1,-1,1.0,0.4,0.2,0.2,0.4,0.6,0.06451612903225806,0.6,0.55,0.55
396,1,-1,0.42857142857142855,1,1,1,0.75,1.0,0.25,0.5,0.0,-1,-1,-1,1,1,1,1,1,0.8,0.6,0.6,0.2,0.6,1.0,0.06451612903225806,0.8,0.8,0.85
